pre_village,cohort,hhs,hot_pepper_tins_organic_pesticides,derris_tin_organic_pesticides,neem_kg_organic_pesticides,onions_bags_organic_pesticides,tephrosia_kgs_organic_pesticides,garlic_kgs_organic_pesticides,ginger_kgs_organic_pesticides,plastic_tanks_120_ltrs_liquid_manure,sacks_liquid_manure,sisal_rope_liquid_manure,filter_liquid_manure,mortar_&_pestle_liquid_manure,hoes_tools,spades_tools,pick_axes_tools,forked_spades_tools,forked_hoes_tools,pangas_tools,secateurs_tools,gloves_tools,wheelbarrows_tools,trowels_tools,watering_cans_tools,jerrican_tools,spray_pumps_tools,turplins_tools,Beans_seeds,Maize_seeds,Soyabean_seeds,Gnuts_seeds,Onions(Basin)_seeds,Rice_seeds,Field Peas_seeds,Sweet potatoes(Bags),Millet_seeds,Irish Potatoes_seeds,Cassava (bags),Mugavu tree seedlings,Onions (Kg)_seeds,Millet.1_seeds,pre_district,GPS-Altitude,hhh_age,Time_to_collect_Water_for_Household_use_Minutes,Land_size_agriculture,Beans_total_yield,Irish_potatoes_total_yield,Cassava_total_yield,Sorghum_total_yield,Maize_total_yield,Millet_total_yield,Onions_total_yield,Sweet_potatoes_total_yield,Ground_Nuts_total_yield,Food_banana_total_yield,Coffee_total_yield,Agriculture Value (USD)
Ahabutaare,2020.0,64.0,0.03125,0.0,0.03125,0.0,0.0,0.03125,0.03125,0.0625,0.09375,0.03125,0.0625,0.0625,0.225776105,0.225776105,0.112888053,0.112888053,0.112888053,0.0,0.0,0.0,0.03125,0.0,0.28125,0.0,0.09375,0.0,4.0,,,4.0,,,,,2.0,,,,,,Kanungu,1322.6,43.2,29.5,1.0275,136.33333333333334,,17.0,,,40.0,,,,101.0,110.0,401.2837837837838
Bugandaro,2020.0,34.0,0.058823529,0.0,0.058823529,0.0,0.0,0.058823529,0.058823529,0.117647059,0.176470588,0.058823529,0.117647059,0.117647059,0.225776105,0.225776105,0.112888053,0.112888053,0.112888053,0.0,0.0,0.0,0.058823529,0.0,0.294117647,0.0,0.176470588,0.0,4.0,,,4.0,,,,,2.0,,,,,,Kanungu,1448.5,47.4,70.8,1.32,52.0,,,,,,,10.0,,89.25,85.0,858.0816686251469
Bugarama,2020.0,128.0,0.03125,0.0,0.015625,0.0,0.0,0.0,0.0,0.03125,0.03125,0.015625,0.03125,0.015625,0.194741967,0.194741967,0.0,0.0,0.126582278,0.0,0.0,0.0,0.015625,0.0,0.303797468,0.0,0.0,0.0,3.0,,,,,,3.0,,2.0,,,,,,Rukungiri,0.0,51.36363636363637,88.27272727272727,0.7022727272727273,61.75,1.5,,35.0,,,,5.8125,,86.36363636363636,407.5,436.7927927927928
Bugomora,2020.0,78.0,0.051282051,0.0,0.0,0.025641026,0.0,0.0,0.0,0.051282051,0.051282051,0.0,0.051282051,0.051282051,0.246575342,0.246575342,0.178082192,0.0,0.178082192,0.0,0.0,0.0,0.025641026,0.0,0.273972603,0.0,0.0,0.0,3.0,,3.0,,,,3.0,,,,,,,,Rukungiri,0.0,44.72727272727273,61.81818181818182,0.8409090909090909,60.0,,,110.0,,,,,,23.666666666666668,3.0,442.4206815511164
Buhasha A1,2020.0,118.0,0.016949153,0.016949153,0.0,0.033898305,0.0,0.0,0.0,0.016949153,0.033898305,0.033898305,0.033898305,0.033898305,0.167064439,0.119331742,0.119331742,0.0,0.119331742,0.0,0.0,0.0,0.016949153,0.0,0.190930788,0.0,0.0,0.0,4.0,,2.0,4.0,,,,,,,,,,,Mitooma,796.0,47.333333333333336,40.0,1.25,110.85714285714286,,,,,40.0,,2.6666666666666665,,119.16666666666667,83.11111111111111,553.2995495495495
Buhasha A2,2020.0,86.0,0.023255814,0.023255814,0.0,0.046511628,0.0,0.0,0.0,0.023255814,0.046511628,0.0,0.046511628,0.046511628,0.167064439,0.119331742,0.119331742,0.0,0.119331742,0.0,0.0,0.0,0.023255814,0.0,0.190930788,0.0,0.0,0.0,4.0,,2.0,4.0,,,,,,,,,,,Mitooma,1639.1384615384616,49.0,41.76923076923077,0.7692307692307693,29.0,,,,,,,,,90.0,85.0,1065.9539312039312
Buhasha B1,2020.0,70.0,0.028571429,0.028571429,0.0,0.057142857,0.0,0.0,0.0,0.028571429,0.057142857,0.0,0.057142857,0.057142857,0.167064439,0.119331742,0.119331742,0.0,0.119331742,0.0,0.0,0.0,0.028571429,0.0,0.190930788,0.0,0.0,0.0,4.0,,2.0,4.0,,,,,,,,,,,Mitooma,1410.475,48.666666666666664,44.0,1.2083333333333333,50.90909090909091,,1.0,,,,,1.7,92.5,36.0,1.8,630.8603603603603
Buhasha B2,2020.0,52.0,0.038461538,0.038461538,0.0,0.076923077,0.0,0.0,0.0,0.038461538,0.076923077,0.0,0.076923077,0.076923077,0.167064439,0.119331742,0.119331742,0.0,0.119331742,0.0,0.0,0.0,0.038461538,0.0,0.190930788,0.0,0.0,0.0,4.0,,2.0,4.0,,,,,,,,,,,Mitooma,1614.8583333333333,51.083333333333336,80.0,1.0866666666666667,69.875,,,,45.0,,,5.875,30.0,225.25,75.55555555555556,904.5596846846847
Buhasha B3,2020.0,46.0,0.043478261,0.043478261,0.0,0.086956522,0.0,0.0,0.0,0.043478261,0.086956522,0.0,0.086956522,0.086956522,0.217391304,0.119331742,0.217391304,0.0,0.217391304,0.0,0.0,0.0,0.043478261,0.0,0.190930788,0.0,0.0,0.0,4.0,,2.0,4.0,,,,,,,,,,,Mitooma,805.3916666666667,50.583333333333336,59.333333333333336,1.34375,92.5,,4.0,,53.333333333333336,,,9.166666666666666,,157.5,310.0,373.43360752056407
Bujengwe,2020.0,68.0,0.029411765,0.029411765,0.0,0.058823529,0.029411765,0.0,0.0,0.058823529,0.058823529,0.058823529,0.058823529,0.058823529,0.177865613,0.177865613,0.118577075,0.158102767,0.158102767,0.0,0.0,0.0,0.0,0.0,0.205882353,0.0,0.088235294,0.0,4.0,2.0,,4.0,,,,,,,,,,,Kanungu,1415.1818181818182,51.54545454545455,47.90909090909091,1.2954545454545454,47.6,,,,90.0,,,,,82.875,40.0,679.7825552825552
Bukerahi,2020.0,169.0,0.01183432,0.0,0.01183432,0.0,0.0,0.0,0.0,0.047337278,0.01183432,0.01183432,0.023668639,0.023668639,0.342857143,0.285714286,0.142857143,0.0,0.0,0.0,0.0,0.0,0.0,0.0,0.171428571,0.0,0.035502959,0.0,3.0,,,,,,3.0,1.0,,,,,,,Kisoro,,47.475,,0.0,,,,,,,,,,,,671.1387387387388
Bukono,2020.0,125.0,0.016,0.0,0.016,0.0,0.0,0.5,0.5,0.032,0.032,0.032,0.032,0.032,0.233918129,0.116959064,0.116959064,0.116959064,0.116959064,0.032,0.0,0.0,0.032,0.0,0.288,0.0,0.048,0.0,3.0,,,3.0,,,,,,,,,,,Kanungu,1420.5,46.3,25.2,1.1249,67.85714285714286,4.5,4.6,,40.2,,,6.5,72.0,89.75,72.14285714285714,520.9414414414414
Bushura,2020.0,96.0,0.020833333,0.0,0.020833333,0.0,0.0,0.020833333,0.020833333,0.041666667,0.0625,0.020833333,0.041666667,0.041666667,0.225776105,0.225776105,0.112888053,0.112888053,0.112888053,0.0,0.0,0.0,0.020833333,0.0,0.270833333,0.0,0.0625,0.0,4.0,,,4.0,,,,,2.0,,,,,,Kanungu,1425.5,49.2,39.0,0.925,27.0,,,,123.0,,,,,62.5,160.0,662.6556991774382
Gihuyaga,2020.0,204.0,0.009803922,0.0,0.009803922,0.0,0.0,0.0,0.0,0.039215686,0.009803922,0.009803922,0.019607843,0.019607843,0.342857143,0.285714286,0.142857143,0.0,0.0,0.0,0.0,0.0,0.0,0.0,0.171428571,0.0,0.029411765,0.0,3.0,,,,,,3.0,1.0,,,,,,,Kisoro,,44.61904761904762,,0.0,,,,,,,,,,,,458.77272727272725
Itara,2020.0,125.0,0.016,0.0,0.016,0.016,0.0,0.0,0.0,0.016,0.048,0.032,0.032,0.032,0.21574973,0.172599784,0.129449838,0.0,0.129449838,0.0,0.0,0.0,0.016,0.0,0.21574973,0.0,0.0,0.0,5.0,,,5.0,,,,,,,,,,,Mitooma,1581.575,40.666666666666664,29.583333333333332,0.6866458333333334,64.5,,,,,300.0,,8.0,,46.7,72.6,287.11261261261257
Kabeshekyere,2020.0,186.0,0.0,0.0,0.0,0.0,0.0,0.005376344,0.005376344,0.032258065,0.032258065,0.010752688,0.021505376,0.032258065,0.193548387,0.13318535,0.053763441,0.0,0.0,0.053763441,0.0,0.0,0.021505376,0.0,0.177580466,0.0,0.0,0.172043011,3.0,,,4.0,,,,,,,,,,,Rukungiri,,43.470588235294116,,0.0,,,,,,,,,,,,652.1138996138997
Kabijaga,2020.0,60.0,0.033333333,0.0,0.033333333,0.0,0.0,0.0,0.0,0.066666667,4.0,0.0,0.066666667,0.066666667,0.320512821,0.320512821,0.320512821,0.192307692,0.0,0.0,0.0,0.0,0.0,0.0,0.461538462,0.0,0.0,0.0,3.0,,3.0,,,,,,,0.25,,,,,Rukungiri,976.4363636363636,50.09090909090909,38.18181818181818,1.2045454545454546,108.75,7.0,,170.0,,,,6.333333333333333,,68.71428571428571,15.0,1050.4054054054054
Kabuzigye,2020.0,23.0,0.086956522,0.0,0.086956522,0.0,0.0,0.0,0.0,0.173913043,4.0,0.0,0.173913043,0.173913043,0.320512821,0.320512821,0.320512821,0.192307692,0.0,0.0,0.0,0.0,0.0,0.0,0.461538462,0.0,0.0,0.0,3.0,,3.0,,,,,,,0.25,,,,,Rukungiri,1955.4272727272728,48.63636363636363,26.545454545454547,0.9997727272727273,46.57142857142857,,,,,,,,,42.875,12.5,529.8624078624078
Kabyaza,2020.0,146.0,0.01369863,0.0,0.01369863,0.0,0.0,0.0,0.0,0.054794521,0.01369863,0.01369863,0.02739726,0.02739726,0.342857143,0.285714286,0.142857143,0.0,0.0,0.0,0.0,0.0,0.0,0.0,0.171428571,0.0,0.04109589,0.0,3.0,,,,,,3.0,1.0,,,,,,,Kisoro,,44.18518518518518,,0.0,,,,,,,,,,,,512.2950450450451
Kafunjo Cell,2020.0,62.0,0.032258065,0.0,0.032258065,0.0,0.0,0.0,0.0,0.064516129,4.0,0.064516129,0.064516129,0.064516129,0.320512821,0.320512821,0.320512821,0.192307692,0.0,0.0,0.0,0.0,0.0,0.0,0.461538462,0.0,0.0,0.0,3.0,,3.0,,,,,,,0.25,,,,,Rukungiri,911.5,36.0,18.125,1.534375,45.2,5.5,,,,,,7.5,,45.0,50.0,680.2643948296122
Kagasha,2020.0,35.0,0.057142857,0.0,0.057142857,0.0,0.0,0.0,0.0,0.114285714,4.0,0.0,0.114285714,0.114285714,0.320512821,0.320512821,0.320512821,0.192307692,0.0,0.0,0.0,0.0,0.0,0.0,0.461538462,0.0,0.0,0.0,3.0,,3.0,,,,,,,0.25,,,,,Rukungiri,2142.7999999999997,27.0,190.0,0.9125,,,,,,,,,,,,288.3817567567568
Kagati,2020.0,111.0,0.0,0.0,0.0,0.0,0.0,0.009009009,0.009009009,0.054054054,0.054054054,0.018018018,0.036036036,0.054054054,0.221975583,0.144144144,0.09009009,0.0,0.0,0.09009009,0.0,0.0,0.036036036,0.0,0.177580466,0.0,0.0,0.216216216,3.0,,,4.0,,,,,,,,,,,Rukungiri,,39.30555555555556,,0.0,,,,,,,,,,,,534.4758687258686
Kagoma,2020.0,52.0,0.038461538,0.038461538,0.0,0.076923077,0.038461538,0.0,0.0,0.076923077,0.076923077,0.076923077,0.076923077,0.076923077,0.177865613,0.177865613,0.118577075,0.158102767,0.158102767,0.0,0.0,0.0,0.0,0.0,0.192307692,0.0,0.115384615,0.0,4.0,2.0,,4.0,,,,,,,,,,,Kanungu,1346.5,52.583333333333336,39.583333333333336,1.4541666666666666,47.7,,4.0,,365.0,100.0,,3.25,36.5,116.44444444444444,87.77777777777777,706.5484234234234
Kagorogoro,2020.0,54.5,0.0734501345,0.0,0.037735849,0.055592992,0.0,0.037735849,0.037735849,0.0734501345,0.0734501345,0.0188679245,0.0734501345,0.0734501345,0.40630653899999997,0.3119669165,0.18338071849999998,0.0,0.18338071849999998,0.0943396225,0.0,0.0,0.0367250675,0.0,0.4200051695,0.0,0.0,0.150943396,3.0,,3.0,3.0,,,3.0,,,,,,,,Rukungiri,0.0,43.5,32.5,0.6575,104.125,,3.0,,,,,7.285714285714286,,61.3,4.0,563.5221364221364
Kahoro,2020.0,66.0,0.0,0.0,0.0,0.0,0.0,0.015151515,0.015151515,0.090909091,0.090909091,0.03030303,0.060606061,0.090909091,0.303030303,0.181818182,0.151515152,0.0,0.0,0.151515152,0.0,0.0,0.060606061,0.0,0.303030303,0.0,0.0,0.303030303,3.0,,,4.0,,,,,,,,,,,Rukungiri,,43.3,,0.0,,,,,,,,,,,,619.2032657657658
Kajubwe,2020.0,79.0,0.038299432,0.0,0.019607843,0.0093457945,0.0,0.25,0.25,0.0579072755,0.0579072755,0.0392156865,0.0579072755,0.0579072755,0.2402467355,0.181767203,0.147520628,0.058479532,0.147520628,0.0392156865,0.0,0.0,0.048561481000000004,0.0,0.27424120350000003,0.0,0.0588235295,0.0,3.0,,3.0,3.0,,,3.0,,,,,,,,Kanungu,1471.0,50.666666666666664,83.33333333333333,1.3611111111111112,24.333333333333332,,301.0,,,,,,,48.0,22.333333333333332,724.8144144144144
Kajubwe,2020.0,79.0,0.038299432,0.0,0.019607843,0.0093457945,0.0,0.25,0.25,0.0579072755,0.0579072755,0.0392156865,0.0579072755,0.0579072755,0.2402467355,0.181767203,0.147520628,0.058479532,0.147520628,0.0392156865,0.0,0.0,0.048561481000000004,0.0,0.27424120350000003,0.0,0.0588235295,0.0,3.0,,3.0,3.0,,,3.0,,,,,,,,Rukungiri,1824.6333333333334,55.25,22.583333333333332,0.925,,,,,,,,28.0,,36.27272727272727,,724.8144144144144
Kajumera,2020.0,77.0,0.051948052,0.0,0.025974026,0.0,0.0,0.0,0.0,0.051948052,0.051948052,0.025974026,0.051948052,0.025974026,0.194741967,0.194741967,0.0,0.0,0.126582278,0.0,0.0,0.0,0.025974026,0.0,0.303797468,0.0,0.0,0.0,3.0,,,,,,3.0,,2.0,,,,,,Rukungiri,1246.2666666666667,44.0,27.77777777777778,1.0055555555555555,91.66666666666667,,,,150.0,,,7.0,,116.125,,638.0522914218566
Kajumo,2020.0,98.0,0.020408163,0.0,0.020408163,0.0,0.0,0.020408163,0.020408163,0.040816327,0.06122449,0.020408163,0.040816327,0.040816327,0.225776105,0.225776105,0.112888053,0.112888053,0.112888053,0.0,0.0,0.0,0.020408163,0.0,0.265306122,0.0,0.06122449,0.0,4.0,,,4.0,,,,,2.0,,,,,,Kanungu,1496.111111111111,43.666666666666664,145.0,0.8777777777777778,27.75,,,,60.0,65.0,,6.333333333333333,,41.111111111111114,10.0,730.2420681551116
Kamira,2020.0,112.0,0.035714286,0.0,0.035714286,0.035714286,0.0,0.035714286,0.035714286,0.035714286,0.035714286,0.017857143,0.035714286,0.035714286,0.267857143,0.178571429,0.089285714,0.0,0.089285714,0.089285714,0.0,0.0,0.017857143,0.0,0.267857143,0.0,0.0,0.142857143,3.0,,,3.0,,,,,,,,,,,Rukungiri,,49.86363636363637,,0.0,,,,,,,,,,,,432.9558558558558
Kaniampiiha,2020.0,86.0,0.023255814,0.0,0.046511628,0.046511628,0.0,0.0,0.0,0.023255814,0.046511628,0.0,0.046511628,0.046511628,0.143626571,0.143626571,0.143626571,0.0,0.143626571,0.0,0.0,0.0,0.023255814,0.0,0.170556553,0.0,0.0,0.0,4.0,2.0,,4.0,,,,,,,,,,,Mitooma,543.5727272727273,49.54545454545455,37.72727272727273,1.4772727272727273,94.75,,4.083333333333333,,30.0,,,6.5,57.5,71.875,161.66666666666666,612.1144674085851
Karuhara,2020.0,58.0,0.068965517,0.0,0.068965517,0.068965517,0.0,0.068965517,0.068965517,0.068965517,0.068965517,0.034482759,0.068965517,0.068965517,0.517241379,0.344827586,0.172413793,0.0,0.172413793,0.172413793,0.0,0.0,0.034482759,0.0,0.517241379,0.0,0.0,0.275862069,3.0,,,3.0,,,,,,,,,,,Rukungiri,,45.86206896551724,,0.0,,,,,,,,,,,,901.8648648648649
Kashaki,2020.0,89.0,0.02247191,0.0,0.02247191,0.0,0.0,0.5,0.5,0.04494382,0.04494382,0.04494382,0.04494382,0.04494382,0.233918129,0.116959064,0.116959064,0.116959064,0.116959064,0.04494382,0.0,0.0,0.04494382,0.0,0.269662921,0.0,0.06741573,0.0,3.0,,,3.0,,,,,,,,,,,Kanungu,1367.7272727272727,57.45454545454545,110.9090909090909,1.2454545454545454,64.0,,9.666666666666666,,,,,13.0,16.0,33.888888888888886,677.75,900.2702702702702
Kashasha,2020.0,156.0,0.012820513,0.0,0.025641026,0.025641026,0.0,0.0,0.0,0.012820513,0.025641026,0.0,0.025641026,0.025641026,0.143626571,0.143626571,0.143626571,0.0,0.143626571,0.0,0.0,0.0,0.012820513,0.0,0.170556553,0.0,0.0,0.0,4.0,2.0,,4.0,,,,,,,,,,,Mitooma,1162.5444444444445,46.333333333333336,52.77777777777778,1.1222222222222222,47.0,,2.5,,,,,2.0,,38.0,72.5,424.55733005733003
Kashenyi,2020.0,113.0,0.03539823,0.0,0.017699115,0.0,0.0,0.0,0.0,0.03539823,0.03539823,0.017699115,0.03539823,0.017699115,0.194741967,0.194741967,0.0,0.0,0.126582278,0.0,0.0,0.0,0.017699115,0.0,0.303797468,0.0,0.0,0.0,3.0,,,,,,3.0,,2.0,,,,,,Kanungu,1484.0833333333333,35.166666666666664,117.5,0.7625,198.75,,,,170.0,,,,,120.0,65.0,365.2225225225225
Kashenyi,2020.0,113.0,0.03539823,0.0,0.017699115,0.0,0.0,0.0,0.0,0.03539823,0.03539823,0.017699115,0.03539823,0.017699115,0.194741967,0.194741967,0.0,0.0,0.126582278,0.0,0.0,0.0,0.017699115,0.0,0.303797468,0.0,0.0,0.0,3.0,,,,,,3.0,,2.0,,,,,,Rukungiri,0.0,42.90909090909091,71.81818181818181,0.3181818181818182,53.333333333333336,,,,,,,,,24.11111111111111,43.333333333333336,365.2225225225225
Kasoni,2020.0,47.0,0.042553191,0.0,0.042553191,0.0,0.0,0.5,0.5,0.085106383,0.085106383,0.085106383,0.085106383,0.085106383,0.233918129,0.116959064,0.116959064,0.116959064,0.116959064,0.085106383,0.0,0.0,0.085106383,0.0,0.29787234,0.0,0.127659574,0.0,3.0,,,3.0,,,,,,,,,,,Kanungu,1419.25,54.125,58.125,0.734375,41.8,,3.0,,55.5,,,13.5,,70.0,12.2,866.052972972973
Katagata,2020.0,90.0,0.022222222,0.0,0.022222222,0.022222222,0.0,0.0,0.0,0.022222222,0.066666667,0.0,0.044444444,0.044444444,0.21574973,0.172599784,0.129449838,0.0,0.129449838,0.0,0.0,0.0,0.022222222,0.0,0.21574973,0.0,0.0,0.0,5.0,,,5.0,,,,,,,,,,,Mitooma,1330.6333333333334,50.083333333333336,65.0,0.93,51.4,,1.0,,,,,3.0,,0.0,0.0,541.2146074646075
Katangyemeko,2020.0,94.0,0.021276596,0.0,0.042553191,0.042553191,0.0,0.0,0.0,0.021276596,0.042553191,0.042553191,0.042553191,0.042553191,0.143626571,0.143626571,0.143626571,0.0,0.143626571,0.0,0.0,0.0,0.021276596,0.0,0.170556553,0.0,0.0,0.0,4.0,2.0,,4.0,,,,,,,,,,,Mitooma,477.17500000000007,42.75,71.91666666666667,1.9208333333333332,53.333333333333336,,,,,,,,65.0,67.0,47.142857142857146,432.4618096357227
Katwa,2020.0,73.0,0.02739726,0.0,0.02739726,0.0,0.0,0.02739726,0.02739726,0.054794521,0.082191781,0.02739726,0.054794521,0.054794521,0.225776105,0.225776105,0.112888053,0.112888053,0.112888053,0.0,0.0,0.0,0.02739726,0.0,0.273972603,0.0,0.082191781,0.0,4.0,,,4.0,,,,,2.0,,,,,,Kanungu,1488.5,49.75,17.5,1.96875,90.75,,,,77.5,,,5.375,,235.71428571428572,23.25,742.8918918918919
Kazuru,2020.0,85.0,0.023529412,0.0,0.023529412,0.0,0.0,0.023529412,0.023529412,0.047058824,0.070588235,0.023529412,0.047058824,0.047058824,0.225776105,0.225776105,0.112888053,0.112888053,0.112888053,0.0,0.0,0.0,0.023529412,0.0,0.282352941,0.0,0.070588235,0.0,4.0,,,4.0,,,,,2.0,,,,,,Kanungu,1478.1666666666667,46.75,22.5,1.3520833333333333,63.666666666666664,,3.15,46.5,56.333333333333336,69.0,,4.716666666666667,,63.5,81.11111111111111,621.8485257985258
Kenshumba,2020.0,105.0,0.019047619,0.0,0.019047619,0.019047619,0.0,0.0,0.0,0.019047619,0.057142857,0.0,0.038095238,0.038095238,0.21574973,0.172599784,0.129449838,0.0,0.129449838,0.0,0.0,0.0,0.019047619,0.0,0.21574973,0.0,0.0,0.0,5.0,,,5.0,,,,,,,,,,,Mitooma,1617.4833333333333,44.5,31.583333333333332,1.1041666666666667,85.25,,,,,,,,,51.4,92.8,521.982800982801
Kibarama,2020.0,158.0,0.0,0.0,0.0,0.0,0.0,0.006329114,0.006329114,0.037974684,0.037974684,0.012658228,0.025316456,0.037974684,0.189873418,0.13318535,0.063291139,0.0,0.0,0.063291139,0.0,0.0,0.025316456,0.0,0.177580466,0.0,0.0,0.202531646,3.0,,,4.0,,,,,,,,,,,Rukungiri,,44.2,,0.0,,,,,,,,,,,,416.27477477477476
Kibaya,2020.0,63.0,0.031746032,0.0,0.063492063,0.063492063,0.0,0.0,0.0,0.031746032,0.063492063,0.0,0.063492063,0.063492063,0.143626571,0.143626571,0.143626571,0.0,0.143626571,0.0,0.0,0.0,0.031746032,0.0,0.170556553,0.0,0.0,0.0,4.0,2.0,,4.0,,,,,,,,,,,Mitooma,578.425,49.583333333333336,37.083333333333336,0.8958333333333334,95.5,,1.6666666666666667,,,50.0,,6.5,35.5,18.0,9.2,605.2937720329026
Kibingo,2020.0,108.0,0.018518519,0.0,0.037037037,0.037037037,0.0,0.0,0.0,0.018518519,0.037037037,0.0,0.037037037,0.037037037,0.143626571,0.143626571,0.143626571,0.0,0.143626571,0.0,0.0,0.0,0.018518519,0.0,0.170556553,0.0,0.0,0.0,4.0,2.0,,4.0,,,,,,,,,,,Mitooma,1175.0,46.5,29.166666666666668,1.525,110.0,,,,19.25,,,8.4,85.0,73.33333333333333,109.77777777777777,543.4090090090091
Kigimbi A,2020.0,120.0,0.016666667,0.016666667,0.0,0.033333333,0.0,0.0,0.0,0.016666667,0.033333333,0.0,0.033333333,0.033333333,0.167064439,0.119331742,0.119331742,0.0,0.119331742,0.0,0.0,0.0,0.016666667,0.0,0.190930788,0.0,0.0,0.0,4.0,,2.0,4.0,,,,,,,,,,,Mitooma,1578.7833333333333,52.75,17.083333333333332,1.9187500000000002,76.66666666666667,,,,,470.0,,,,105.9,116.66666666666667,453.5855855855856
Kigimbi B,2020.0,60.0,0.033333333,0.033333333,0.0,0.066666667,0.0,0.0,0.0,0.033333333,0.066666667,0.0,0.066666667,0.066666667,0.167064439,0.119331742,0.119331742,0.0,0.119331742,0.0,0.0,0.0,0.033333333,0.0,0.190930788,0.0,0.0,0.0,4.0,,2.0,4.0,,,,,,,,,,,Mitooma,849.990909090909,45.72727272727273,42.72727272727273,0.9545454545454546,48.0,,3.5,,,,,,,0.0,0.0,647.3211446740859
Kihungye,2020.0,159.0,0.012578616,0.0,0.025157233,0.025157233,0.0,0.0,0.0,0.012578616,0.025157233,0.0,0.025157233,0.025157233,0.143626571,0.143626571,0.143626571,0.0,0.143626571,0.0,0.0,0.0,0.012578616,0.0,0.170556553,0.0,0.0,0.0,4.0,2.0,,4.0,,,,,,,,,,,Mitooma,1163.2666666666667,51.083333333333336,24.583333333333332,1.8270624999999998,56.42857142857143,,,,,450.0,,4.5,,49.666666666666664,198.57142857142858,582.4881756756756
Kijubwe,2020.0,50.0,0.04,0.0,0.04,0.0,0.0,0.0,0.0,0.08,4.0,0.0,0.08,0.08,0.320512821,0.320512821,0.320512821,0.192307692,0.0,0.0,0.0,0.0,0.0,0.0,0.461538462,0.0,0.0,0.0,3.0,,3.0,,,,,,,0.25,,,,,Rukungiri,329.35,46.2,31.6,0.5638,40.666666666666664,,,,,,,5.0,,17.666666666666668,,691.3288288288288
Kikondeka,2020.0,81.0,0.024691358,0.0,0.024691358,0.0,0.0,0.024691358,0.024691358,0.049382716,0.074074074,0.024691358,0.049382716,0.049382716,0.225776105,0.225776105,0.112888053,0.112888053,0.112888053,0.0,0.0,0.0,0.024691358,0.0,0.271604938,0.0,0.074074074,0.0,4.0,,,4.0,,,,,2.0,,,,,,Kanungu,1580.4,57.3,48.5,1.2950000000000002,83.75,,11.0,,,,,,,177.0,50.0,714.1497747747748
Kikoni A,2020.0,73.0,0.054794521,0.0,0.054794521,0.054794521,0.0,0.054794521,0.054794521,0.054794521,0.054794521,0.02739726,0.054794521,0.054794521,0.410958904,0.273972603,0.136986301,0.0,0.136986301,0.136986301,0.0,0.0,0.02739726,0.0,0.410958904,0.0,0.0,0.219178082,3.0,,,3.0,,,,,,,,,,,Rukungiri,,50.45,,0.0,,,,,,,,,,,,750.5518018018017
Kikoni B,2020.0,76.0,0.052631579,0.0,0.052631579,0.052631579,0.0,0.052631579,0.052631579,0.052631579,0.052631579,0.026315789,0.052631579,0.052631579,0.394736842,0.263157895,0.131578947,0.0,0.131578947,0.131578947,0.0,0.0,0.026315789,0.0,0.394736842,0.0,0.0,0.210526316,3.0,,,3.0,,,,,,,,,,,Rukungiri,,43.72222222222222,,0.0,,,,,,,,,,,,498.4425675675676
Kirima,2020.0,96.0,0.020833333,0.0,0.020833333,0.0,0.0,0.020833333,0.020833333,0.041666667,0.0625,0.020833333,0.041666667,0.041666667,0.225776105,0.225776105,0.112888053,0.112888053,0.112888053,0.0,0.0,0.0,0.020833333,0.0,0.270833333,0.0,0.0625,0.0,4.0,,,4.0,,,,,2.0,,,,,,Kanungu,1498.6666666666667,53.666666666666664,28.88888888888889,0.4555555555555556,81.375,,,,118.2,,,,,92.5,171.0,798.0394144144144
Kitunga,2020.0,88.0,0.022727273,0.0,0.022727273,0.0,0.0,0.5,0.5,0.045454545,0.045454545,0.045454545,0.045454545,0.045454545,0.233918129,0.116959064,0.116959064,0.116959064,0.116959064,0.045454545,0.0,0.0,0.045454545,0.0,0.272727273,0.0,0.068181818,0.0,3.0,,,3.0,,,,,,,,,,,Kanungu,1428.090909090909,47.45454545454545,125.45454545454545,3.7136363636363634,131.66666666666666,,10.0,,120.0,,,14.0,,161.77777777777777,151.25,991.0517038777909
Kyanika A,2020.0,83.0,0.048192771,0.0,0.048192771,0.048192771,0.0,0.048192771,0.048192771,0.048192771,0.048192771,0.024096386,0.048192771,0.048192771,0.361445783,0.240963855,0.120481928,0.0,0.120481928,0.120481928,0.0,0.0,0.024096386,0.0,0.361445783,0.0,0.0,0.192771084,3.0,,,3.0,,,,,,,,,,,Rukungiri,,47.53846153846154,,0.0,,,,,,,,,,,,439.1711711711712
Kyanika B,2020.0,97.0,0.041237113,0.0,0.041237113,0.041237113,0.0,0.041237113,0.041237113,0.041237113,0.041237113,0.020618557,0.041237113,0.041237113,0.309278351,0.206185567,0.103092784,0.0,0.103092784,0.103092784,0.0,0.0,0.020618557,0.0,0.309278351,0.0,0.0,0.164948454,3.0,,,3.0,,,,,,,,,,,Rukungiri,,43.96666666666667,,0.0,,,,,,,,,,,,442.4414414414414
Maregamo,2020.0,181.0,0.011049724,0.0,0.011049724,0.0,0.0,0.0,0.0,0.044198895,0.011049724,0.011049724,0.022099448,0.022099448,0.342857143,0.285714286,0.142857143,0.0,0.0,0.0,0.0,0.0,0.0,0.0,0.171428571,0.0,0.033149171,0.0,3.0,,,,,,3.0,1.0,,,,,,,Kisoro,,48.9,,0.0,,,,,,,,,,,,585.5337837837839
Mugongo,2020.0,93.0,0.021505376,0.0,0.021505376,0.0,0.0,0.021505376,0.021505376,0.043010753,0.064516129,0.021505376,0.043010753,0.043010753,0.225776105,0.225776105,0.112888053,0.112888053,0.112888053,0.0,0.0,0.0,0.021505376,0.0,0.279569892,0.0,0.064516129,0.0,4.0,,,4.0,,,,,2.0,,,,,,Kanungu,1513.625,54.75,56.25,0.375,54.0,,,,,,,,,,18.0,726.6891891891893
Mugurante,2020.0,87.0,0.045977011,0.0,0.022988506,0.0,0.0,0.0,0.0,0.045977011,0.045977011,0.022988506,0.045977011,0.022988506,0.194741967,0.194741967,0.0,0.0,0.126582278,0.0,0.0,0.0,0.022988506,0.0,0.303797468,0.0,0.0,0.0,3.0,,,,,,3.0,,2.0,,,,,,Rukungiri,0.0,46.1,49.0,1.48,24.5,3.5,,,,,,5.0,,134.5,,945.8695652173913
Mukajagiro,2020.0,83.0,0.048192771,0.0,0.024096386,0.0,0.0,0.0,0.0,0.048192771,0.048192771,0.024096386,0.048192771,0.024096386,0.194741967,0.194741967,0.0,0.0,0.126582278,0.0,0.0,0.0,0.024096386,0.0,0.303797468,0.0,0.0,0.0,3.0,,,,,,3.0,,2.0,,,,,,Rukungiri,1868.4333333333334,53.083333333333336,34.416666666666664,0.6875,170.0,,,,,,,,,45.625,,420.9121621621622
Mushunga,2020.0,52.0,0.076923077,0.0,0.038461538,0.0,0.0,0.0,0.0,0.076923077,0.076923077,0.038461538,0.076923077,0.038461538,0.194741967,0.194741967,0.0,0.0,0.126582279,0.0,0.0,0.0,0.038461538,0.0,0.303797468,0.0,0.0,0.0,3.0,,,,,,3.0,,2.0,,,,,,Rukungiri,0.0,43.416666666666664,33.333333333333336,1.1875,44.5,,,53.0,,,,7.0,,56.0,,794.6283783783783
Mutanoga,2020.0,134.0,0.014925373,0.0,0.014925373,0.014925373,0.0,0.0,0.0,0.014925373,0.044776119,0.0,0.029850746,0.029850746,0.21574973,0.172599784,0.129449838,0.0,0.129449838,0.0,0.0,0.0,0.014925373,0.0,0.21574973,0.0,0.0,0.0,5.0,,,5.0,,,,,,,,,,,Mitooma,0.0,46.0,38.0,1.326,71.0,,,,,,,,,141.0,466.6666666666667,561.2932432432432
Mutojo,2020.0,67.0,0.029850746,0.0,0.029850746,0.0,0.0,0.029850746,0.029850746,0.059701493,0.089552239,0.029850746,0.059701493,0.059701493,0.225776105,0.225776105,0.112888053,0.112888053,0.112888053,0.0,0.0,0.0,0.029850746,0.0,0.268656716,0.0,0.089552239,0.0,4.0,,,4.0,,,,,2.0,,,,,,Kanungu,1495.625,41.75,39.375,1.03125,42.714285714285715,,168.0,,70.0,,,6.0,,8.5,63.333333333333336,1126.9623971797885
Ndyabihanga,2020.0,124.0,0.032258065,0.0,0.0,0.016129032,0.0,0.0,0.0,0.032258065,0.032258065,0.0,0.032258065,0.032258065,0.246575342,0.246575342,0.178082192,0.0,0.178082192,0.0,0.0,0.0,0.016129032,0.0,0.273972603,0.0,0.0,0.0,3.0,,3.0,,,,3.0,,,,,,,,Rukungiri,1914.525,46.0,40.416666666666664,0.5624374999999999,33.333333333333336,,,,,,,3.1666666666666665,,15.0,,441.93153153153156
Nkongi,2020.0,151.0,0.013245033,0.0,0.026490066,0.026490066,0.0,0.0,0.0,0.013245033,0.026490066,0.0,0.026490066,0.026490066,0.143626571,0.143626571,0.143626571,0.0,0.143626571,0.0,0.0,0.0,0.013245033,0.0,0.170556553,0.0,0.0,0.0,4.0,2.0,,4.0,,,,,,,,,,,Mitooma,531.4454545454546,44.36363636363637,19.181818181818183,1.4363636363636363,39.0,,1.6666666666666667,,,35.0,,,,,0.0,764.1580428704566
Ntengyere,2020.0,66.0,0.03030303,0.03030303,0.0,0.060606061,0.03030303,0.0,0.0,0.060606061,0.060606061,0.060606061,0.060606061,0.060606061,0.177865613,0.177865613,0.118577075,0.158102767,0.158102767,0.0,0.0,0.0,0.0,0.0,0.212121212,0.0,0.090909091,0.0,4.0,2.0,,4.0,,,,,,,,,,,Kanungu,1180.25,43.333333333333336,35.583333333333336,2.95,93.75,,3.0,,90.0,,,3.5,50.0,368.75,618.3333333333334,798.4797297297297
Nyabishaki,2020.0,97.0,0.020618557,0.0,0.020618557,0.0,0.0,0.0,0.0,0.041237113,4.0,0.0,0.041237113,0.041237113,0.32051282,0.32051282,0.32051282,0.192307692,0.0,0.0,0.0,0.0,0.0,0.0,0.461538461,0.0,0.0,0.0,3.0,,3.0,,,,,,,0.25,,,,,Rukungiri,922.4714285714286,45.42857142857143,141.42857142857142,1.0785714285714285,83.75,,,,,,,,,,,422.1390765765766
Nyakabare,2020.0,48.0,0.083333333,0.0,0.0,0.041666667,0.0,0.0,0.0,0.083333333,0.083333333,0.0,0.083333333,0.083333333,0.246575342,0.246575342,0.178082192,0.0,0.178082192,0.0,0.0,0.0,0.041666667,0.0,0.273972603,0.0,0.0,0.0,3.0,,3.0,,,,3.0,,,,,,,,Rukungiri,1756.2,49.7,60.5,1.1475000000000002,43.5,,,425.0,,,,1.6,,71.22222222222223,,531.8034398034398
Nyakabingo,2020.0,113.0,0.017699115,0.017699115,0.0,0.03539823,0.017699115,0.0,0.0,0.03539823,0.03539823,0.03539823,0.03539823,0.03539823,0.177865613,0.177865613,0.118577075,0.158102767,0.158102767,0.0,0.0,0.0,0.0,0.0,0.194690265,0.0,0.053097345,0.0,4.0,2.0,,4.0,,,,,,,,,,,Kanungu,1291.4615384615386,43.92307692307692,19.615384615384617,2.1100000000000003,77.9375,,,,,98.0,,,,6.5,0.0,1264.2307692307693
Nyakabungo,2020.0,134.2,0.0309924458,0.0,0.0207360354,0.0,0.0,0.20427807480000001,0.20427807480000001,0.041472071,0.045750145799999996,0.026937585799999997,0.041472071,0.0312156606,0.222826087,0.176042461,0.0919388468,0.0919388468,0.1172553024,0.0124031008,0.0,0.0,0.026937585799999997,0.0,0.27933927199999997,0.0,0.0314388756,0.0,3.4,,,3.5,,,3.0,,2.0,,,,,,Kanungu,1521.95,47.45,36.0,1.224375,91.64285714285714,,,50.0,190.0,,,6.2,60.0,110.66666666666667,79.5,689.9329589329589
Nyakabungo,2020.0,134.2,0.0309924458,0.0,0.0207360354,0.0,0.0,0.20427807480000001,0.20427807480000001,0.041472071,0.045750145799999996,0.026937585799999997,0.041472071,0.0312156606,0.222826087,0.176042461,0.0919388468,0.0919388468,0.1172553024,0.0124031008,0.0,0.0,0.026937585799999997,0.0,0.27933927199999997,0.0,0.0314388756,0.0,3.4,,,3.5,,,3.0,,2.0,,,,,,Rukungiri,1259.9875000000002,63.25,37.5,1.6906249999999998,105.0,,,,,,,8.0,,135.71428571428572,30.0,689.932958932959
Nyakahanga,2020.0,100.0,0.02,0.02,0.0,0.04,0.02,0.0,0.0,0.04,0.04,0.04,0.04,0.04,0.177865613,0.177865613,0.118577075,0.158102767,0.158102767,0.0,0.0,0.0,0.0,0.0,0.2,0.0,0.06,0.0,4.0,2.0,,4.0,,,,,,,,,,,Kanungu,1275.5,45.25,51.666666666666664,1.0899999999999999,34.5,,,,130.0,350.0,,6.0,,108.9,205.55555555555554,905.6486486486486
Nyakakizi,2020.0,46.0,0.043478261,0.0,0.043478261,0.0,0.0,0.0,0.0,0.086956522,4.0,0.0,0.086956522,0.086956522,0.320512821,0.320512821,0.320512821,0.192307692,0.0,0.0,0.0,0.0,0.0,0.0,0.461538462,0.0,0.0,0.0,3.0,,3.0,,,,,,,0.25,,,,,Rukungiri,925.525,51.5,26.5,0.88125,152.5,,,,,,,2.5,,0.0,,380.94054054054055
Nyakasharara,2020.0,106.0,0.0,0.0,0.0,0.0,0.0,0.009433962,0.009433962,0.056603774,0.056603774,0.018867925,0.037735849,0.056603774,0.221975583,0.150943396,0.094339623,0.0,0.0,0.094339623,0.0,0.0,0.037735849,0.0,0.177580466,0.0,0.0,0.226415094,3.0,,,4.0,,,,,,,,,,,Rukungiri,,40.583333333333336,,0.0,,,,,,,,,,,,506.1720720720721
Nyakashenyi,2020.0,86.0,0.046511628,0.0,0.0,0.023255814,0.0,0.0,0.0,0.046511628,0.046511628,0.046511628,0.046511628,0.046511628,0.246575343,0.246575343,0.178082192,0.0,0.178082192,0.0,0.0,0.0,0.023255814,0.0,0.273972603,0.0,0.0,0.0,3.0,,3.0,,,,3.0,,,,,,,,Rukungiri,1183.2625,57.0,48.125,0.78125,29.4,,,,,,,3.75,,,,688.5971685971685
Nyakatokye,2020.0,104.0,0.038461538,0.0,0.038461538,0.038461538,0.0,0.038461538,0.038461538,0.038461538,0.038461538,0.019230769,0.038461538,0.038461538,0.288461538,0.192307692,0.096153846,0.0,0.096153846,0.096153846,0.0,0.0,0.019230769,0.0,0.288461538,0.0,0.0,0.153846154,3.0,,,3.0,,,,,,,,,,,Rukungiri,,56.26315789473684,,0.0,,,,,,,,,,,,465.44844844844846
Nyamabare,2020.0,42.0,0.0499108735,0.019607843,0.0303030305,0.0392156865,0.019607843,0.0,0.0,0.099821747,2.0392156865,0.0392156865,0.099821747,0.099821747,0.24918921649999998,0.24918921649999998,0.21954494749999998,0.1752052295,0.0790513835,0.0,0.0,0.0,0.0,0.0,0.32880844649999996,0.0,0.0588235295,0.0,3.5,2.0,3.0,4.0,,,,,,0.25,,,,,Kanungu,1373.5714285714287,41.142857142857146,15.928571428571429,1.2357142857142855,102.3076923076923,,,,426.6666666666667,,,14.0,,96.71428571428571,71.76923076923077,719.168625146886
Nyamabare,2020.0,42.0,0.0499108735,0.019607843,0.0303030305,0.0392156865,0.019607843,0.0,0.0,0.099821747,2.0392156865,0.0392156865,0.099821747,0.099821747,0.24918921649999998,0.24918921649999998,0.21954494749999998,0.1752052295,0.0790513835,0.0,0.0,0.0,0.0,0.0,0.32880844649999996,0.0,0.0588235295,0.0,3.5,2.0,3.0,4.0,,,,,,0.25,,,,,Rukungiri,0.0,46.5,41.666666666666664,0.8416666666666667,60.0,,,,,,,,,85.0,0.0,719.168625146886
Nyarubira,2020.0,86.0,0.046511628,0.0,0.023255814,0.0,0.0,0.0,0.0,0.046511628,0.046511628,0.023255814,0.046511628,0.023255814,0.194741967,0.194741967,0.0,0.0,0.126582278,0.0,0.0,0.0,0.023255814,0.0,0.303797468,0.0,0.0,0.0,3.0,,,,,,3.0,,2.0,,,,,,Rukungiri,2083.0454545454545,42.72727272727273,105.45454545454545,1.2227272727272727,44.25,,,,,,,,,40.0,,597.5292792792793
Nyarushinya,2020.0,51.0,0.039215686,0.0,0.078431373,0.078431373,0.0,0.0,0.0,0.039215686,0.078431373,0.0,0.078431373,0.078431373,0.143626571,0.143626571,0.143626571,0.0,0.143626571,0.0,0.0,0.0,0.039215686,0.0,0.170556553,0.0,0.0,0.0,4.0,2.0,,4.0,,,,,,,,,,,Mitooma,571.1500000000001,46.833333333333336,62.5,0.9791666666666666,81.66666666666667,,,,,,,2.0,,42.5,147.14285714285714,348.43355855855856
Nyaruziba,2020.0,54.0,0.037037037,0.0,0.037037037,0.0,0.0,0.0,0.0,0.074074074,4.0,0.0,0.074074074,0.074074074,0.320512821,0.320512821,0.320512821,0.192307692,0.0,0.0,0.0,0.0,0.0,0.0,0.461538461,0.0,0.0,0.0,3.0,,3.0,,,,,,,0.25,,,,,Rukungiri,0.0,52.42857142857143,37.857142857142854,0.6785714285714286,83.125,,10.0,280.0,,,,3.0,,52.0,,582.039312039312
Nyarwanya A,2020.0,68.0,0.029411765,0.0,0.029411765,0.029411765,0.0,0.0,0.0,0.029411765,0.088235294,0.0,0.058823529,0.058823529,0.21574973,0.172599784,0.129449838,0.0,0.129449838,0.0,0.0,0.0,0.029411765,0.0,0.21574973,0.0,0.0,0.0,5.0,,,5.0,,,,,,,,,,,Mitooma,1587.6272727272728,53.72727272727273,70.0,1.1345454545454545,32.0,,,,,,,,,305.0,346.6666666666667,685.4230317273795
Nyarwanya B,2020.0,60.0,0.033333333,0.0,0.033333333,0.033333333,0.0,0.0,0.0,0.033333333,0.1,0.0,0.066666667,0.066666667,0.21574973,0.172599784,0.129449838,0.0,0.129449838,0.0,0.0,0.0,0.033333333,0.0,0.21574973,0.0,0.0,0.0,5.0,,,5.0,,,,,,,,,,,Mitooma,1561.97,56.4,64.5,1.3199999999999998,94.28571428571429,,,,,,,2.0,,106.9,188.5,891.5974903474904
Nyarwemarira,2020.0,68.0,0.029411765,0.0,0.029411765,0.0,0.0,0.5,0.5,0.058823529,0.058823529,0.058823529,0.058823529,0.058823529,0.233918129,0.116959064,0.116959064,0.116959064,0.116959064,0.058823529,0.0,0.0,0.058823529,0.0,0.294117647,0.0,0.088235294,0.0,3.0,,,3.0,,,,,,,,,,,Kanungu,1422.1,46.4,45.5,1.5150000000000001,98.25,,8.0,,249.0,,,8.5,,115.14285714285714,57.75,713.7948402948402
Rucururu,2020.0,69.0,0.028985507,0.0,0.028985507,0.028985507,0.0,0.0,0.0,0.028985507,0.086956522,0.0,0.057971014,0.057971014,0.21574973,0.172599784,0.129449838,0.0,0.129449838,0.0,0.0,0.0,0.028985507,0.0,0.21574973,0.0,0.0,0.0,5.0,,,5.0,,,,,,,,,,,Mitooma,769.8833333333333,59.166666666666664,54.166666666666664,0.9791666666666666,117.16666666666667,,,,,,,3.3333333333333335,,96.36363636363636,94.72727272727273,960.2612162162162
Rugando,2020.0,98.0,0.020408163,0.0,0.020408163,0.020408163,0.0,0.0,0.0,0.020408163,0.06122449,0.0,0.040816327,0.040816327,0.21574973,0.172599784,0.129449838,0.0,0.129449838,0.0,0.0,0.0,0.020408163,0.0,0.21574973,0.0,0.0,0.0,5.0,,,5.0,,,,,,,,,,,Mitooma,1449.5555555555557,49.333333333333336,48.888888888888886,0.6888888888888889,75.0,,,,,,,2.75,27.5,31.428571428571427,2.4,793.9324459459459
Rugandu,2020.0,47.0,0.042553191,0.0,0.042553191,0.0,0.0,0.0,0.0,0.085106383,4.0,0.0,0.085106383,0.085106383,0.320512821,0.320512821,0.320512821,0.192307692,0.0,0.0,0.0,0.0,0.0,0.0,0.461538462,0.0,0.0,0.0,3.0,,3.0,,,,,,,0.25,,,,,Rukungiri,1883.2583333333334,51.166666666666664,28.75,0.5995604166666667,,,,120.0,,,,1.75,,9.666666666666666,,394.9447174447174
Rugazi,2020.0,76.0,0.026315789,0.0,0.026315789,0.0,0.0,0.0,0.0,0.052631579,4.0,0.0,0.052631579,0.052631579,0.320512821,0.320512821,0.320512821,0.192307692,0.0,0.0,0.0,0.0,0.0,0.0,0.461538462,0.0,0.0,0.0,3.0,,3.0,,,,,,,0.25,,,,,Rukungiri,1485.5666666666666,47.0,35.0,0.2916666666666667,17.0,,,,,,,,,16.333333333333332,,678.9766584766585
Ruheza,2020.0,87.0,0.022988506,0.0,0.022988506,0.0,0.0,0.5,0.5,0.045977011,0.045977011,0.045977011,0.045977011,0.045977011,0.233918129,0.116959064,0.116959064,0.116959064,0.116959064,0.045977011,0.0,0.0,0.045977011,0.0,0.275862069,0.0,0.068965517,0.0,3.0,,,3.0,,,,,,,,,,,Kanungu,1342.25,48.75,69.58333333333333,0.5625,47.0,,3.5,,,,,,,47.833333333333336,76.66666666666667,735.7376126126126
Ruhonwa,2020.0,148.0,0.027027027,0.0,0.013513514,0.0,0.0,0.0,0.0,0.027027027,0.027027027,0.013513514,0.027027027,0.013513514,0.194741967,0.194741967,0.0,0.0,0.126582278,0.0,0.0,0.0,0.013513514,0.0,0.303797468,0.0,0.0,0.0,3.0,,,,,,3.0,,2.0,,,,,,Rukungiri,1790.9,46.0,38.607142857142854,0.35714285714285715,22.0,,,,,,,,,,,505.43108108108106
Rujoka,2020.0,42.0,0.095238095,0.0,0.047619048,0.0,0.0,0.0,0.0,0.095238095,0.095238095,0.047619048,0.095238095,0.047619048,0.194741967,0.194741967,0.0,0.0,0.126582278,0.0,0.0,0.0,0.047619048,0.0,0.303797468,0.0,0.0,0.0,3.0,,,,,,3.0,,2.0,,,,,,Rukungiri,1993.3285714285712,45.42857142857143,47.142857142857146,0.6014285714285714,46.0,,,,26.0,,,,,26.666666666666668,,535.6351351351351
Rurama,2020.0,96.0,0.00877193,0.0,0.0175438595,0.0175438595,0.0,0.0,0.5,0.0472334685,0.056005398000000005,0.012820513,0.043184885000000006,0.043184885000000006,0.192150229,0.131981757,0.13591584950000002,0.0,0.123095337,0.0256410255,0.0,0.0,0.00877193,0.1203369435,0.160919302,0.0,0.0,0.0,3.5,2.5,,4.0,1.0,,,,,,,,,,Kanungu,1525.6666666666667,43.166666666666664,47.916666666666664,0.6873333333333332,51.875,,,,20.0,,,,,9.166666666666666,,
Rushinya,2020.0,119.0,0.0,0.0,0.0,0.0,0.0,0.008403361,0.008403361,0.050420168,0.050420168,0.016806723,0.033613445,0.050420168,0.221975583,0.13318535,0.084033613,0.0,0.0,0.084033613,0.0,0.0,0.033613445,0.0,0.168067227,0.0,0.0,0.201680672,3.0,,,4.0,,,,,,,,,,,Rukungiri,,45.44117647058823,,0.0,,,,,,,,,,,,644.762348555452
Rutare,2020.0,109.0,0.018348624,0.018348624,0.0,0.036697248,0.018348624,0.0,0.0,0.036697248,0.036697248,0.036697248,0.036697248,0.036697248,0.177865613,0.177865613,0.118577075,0.158102767,0.158102767,0.0,0.0,0.0,0.0,0.0,0.201834862,0.0,0.055045872,0.0,4.0,2.0,,4.0,,,,,,,,,,,Kanungu,1346.5833333333333,40.583333333333336,25.0,2.7583333333333337,133.0,,130.0,,60.333333333333336,,,9.0,,274.6666666666667,55.166666666666664,825.1805019305019
Rutooma,2020.0,49.0,0.069527556,0.0,0.0466704132,0.0043010752,0.0,0.0,0.0,0.08903975119999999,1.6586175114,0.0228571428,0.0933408266,0.0704836838,0.2492518612,0.24062187200000001,0.154095096,0.0769230768,0.0765228788,0.0,0.0,0.0,0.027158218,0.0,0.349284318,0.0,0.0,0.0,3.4,,3.0,5.0,,,3.0,,2.0,0.25,,,,,Kanungu,1469.3846153846155,45.38461538461539,51.15384615384615,0.9623076923076924,119.0,,5.0,,,,,6.0,,153.75,45.0,746.3858206032119
Rutooma,2020.0,49.0,0.069527556,0.0,0.0466704132,0.0043010752,0.0,0.0,0.0,0.08903975119999999,1.6586175114,0.0228571428,0.0933408266,0.0704836838,0.2492518612,0.24062187200000001,0.154095096,0.0769230768,0.0765228788,0.0,0.0,0.0,0.027158218,0.0,0.349284318,0.0,0.0,0.0,3.4,,3.0,5.0,,,3.0,,2.0,0.25,,,,,Mitooma,1186.581818181818,51.0,26.363636363636363,1.4704545454545455,133.0,,4.0,,37.5,,,14.0,,174.44444444444446,145.71428571428572,746.385820603212
Rutooma,2020.0,49.0,0.069527556,0.0,0.0466704132,0.0043010752,0.0,0.0,0.0,0.08903975119999999,1.6586175114,0.0228571428,0.0933408266,0.0704836838,0.2492518612,0.24062187200000001,0.154095096,0.0769230768,0.0765228788,0.0,0.0,0.0,0.027158218,0.0,0.349284318,0.0,0.0,0.0,3.4,,3.0,5.0,,,3.0,,2.0,0.25,,,,,Rukungiri,1152.8238095238096,52.42857142857143,45.76190476190476,0.9083333333333333,74.88888888888889,,,70.0,,,,20.5,,58.95238095238095,29.75,746.3858206032119
Rwamiyumbu,2020.0,157.0,0.012738854,0.012738854,0.0,0.025477707,0.012738854,0.0,0.0,0.025477707,0.025477707,0.025477707,0.025477707,0.025477707,0.177865613,0.177865613,0.118577075,0.158102767,0.158102767,0.0,0.0,0.0,0.0,0.0,0.203821656,0.0,0.038216561,0.0,4.0,2.0,,4.0,,,,,,,,,,,Kanungu,1364.6666666666667,37.333333333333336,33.75,1.7782499999999999,52.57142857142857,,,,60.0,,,,49.5,2.75,0.0,631.4739382239383
Rwamujura,2020.0,85.0,0.023529412,0.0,0.023529412,0.023529412,0.0,0.0,0.0,0.023529412,0.070588235,0.0,0.047058824,0.047058824,0.21574973,0.172599784,0.129449838,0.0,0.129449838,0.0,0.0,0.0,0.023529412,0.0,0.21574973,0.0,0.0,0.0,5.0,,,5.0,,,,,,,,,,,Mitooma,792.6,50.166666666666664,59.583333333333336,1.23125,87.9,,4.5,,18.0,,,6.777777777777778,60.0,153.75,317.5,575.5556628056628
Rwangura,2020.0,79.0,0.050632911,0.0,0.025316456,0.0,0.0,0.0,0.0,0.050632911,0.050632911,0.025316456,0.050632911,0.025316456,0.194741967,0.194741967,0.0,0.0,0.126582278,0.0,0.0,0.0,0.025316456,0.0,0.303797468,0.0,0.0,0.0,3.0,,,,,,3.0,,2.0,,,,,,Rukungiri,476.575,57.5,29.375,1.52125,81.66666666666667,,,,,,,,,30.0,0.0,894.0663390663391
Rwemirama,2020.0,58.0,0.034482759,0.034482759,0.0,0.068965517,0.034482759,0.0,0.0,0.068965517,0.068965517,0.068965517,0.068965517,0.068965517,0.177865613,0.177865613,0.118577075,0.158102767,0.158102767,0.0,0.0,0.0,0.0,0.0,0.206896552,0.0,0.103448276,0.0,4.0,2.0,,4.0,,,,,,,,,,,Kanungu,1259.5833333333333,40.5,66.25,0.9116666666666666,49.77777777777778,,11.0,,,90.0,,11.5,12.0,70.71428571428571,159.0,596.4555180180181
Rwemirongo,2020.0,87.0,0.0,0.0,0.0,0.0,0.0,0.011494253,0.011494253,0.068965517,0.068965517,0.022988506,0.045977011,0.068965517,0.221975583,0.13318535,0.114942529,0.0,0.0,0.114942529,0.0,0.0,0.045977011,0.0,0.229885057,0.0,0.0,0.229885057,3.0,,,4.0,,,,,,,,,,,Rukungiri,,46.37931034482759,,0.0,,,,,,,,,,,,744.7215041128085
Rwengwe,2020.0,89.0,0.02247191,0.0,0.02247191,0.0,0.0,0.02247191,0.02247191,0.04494382,0.06741573,0.02247191,0.04494382,0.04494382,0.225776105,0.225776105,0.112888053,0.112888053,0.112888053,0.0,0.0,0.0,0.02247191,0.0,0.269662921,0.0,0.06741573,0.0,4.0,,,4.0,,,,,2.0,,,,,,Kanungu,1506.6666666666667,42.44444444444444,31.666666666666668,0.5297444444444445,45.333333333333336,,,,10.0,,,2.5,,100.0,87.33333333333333,830.930669800235
