pre_village,GPS-Altitude,hhh_age,Land_size_agriculture,Time_to_collect_Water_for_Household_use_Minutes,Beans_total_yield,Irish_potatoes_total_yield,Cassava_total_yield,Sorghum_total_yield,Maize_total_yield,Millet_total_yield,Onions_total_yield,Sweet_potatoes_total_yield,Ground_Nuts_total_yield,Food_banana_total_yield,Coffee_total_yield,cohort
Aswa,1274.3454545454545,57.18181818181818,0.6463636363636364,65.45454545454545,209.66666666666666,13.0,,,177.0,,,11.5,,33.75,27.0,2022.0
Bibuye,1331.625,43.166666666666664,1.2916666666666667,49.166666666666664,138.71428571428572,2.2,10.0,,178.14285714285714,,,7.166666666666667,,18.4,32.0,2022.0
Bigandu,2285.211111111111,41.888888888888886,2.211388888888889,71.11111111111111,212.0,17.625,,,,,,,,,,2022.0
Bikungu,566.6583333333333,47.0,0.5458333333333333,67.5,83.11111111111111,,,,,,,,44.25,82.5,48.0,2022.0
Bisiika_A,1778.9750000000001,42.75,1.4083333333333332,23.333333333333332,75.33333333333333,,,,,,,10.777777777777779,,96.81818181818181,66.36363636363636,2022.0
Bisiika_B,1710.1499999999999,54.833333333333336,0.9229166666666667,40.0,85.7,,,,,,,10.0,,79.0,70.5,2022.0
Bubalala,1024.8041666666666,53.375,1.3222222222222222,62.166666666666664,33.0,,,,456.9230769230769,144.0,,6.5,,3.0,,2022.0
Budongo,1035.5249999999999,40.916666666666664,1.2828947368421053,40.291666666666664,24.5,,37.0,,425.75,192.5,,4.0,,12.75,45.0,2022.0
Bugada_Gadumire,982.9354838709677,42.58064516129032,0.8333333333333334,50.25806451612903,,,8.0,112.0,240.0,,,,6.0,21.666666666666668,30.0,2022.0
Bugandaro_Kacerere,2238.4500000000003,51.0,0.5208333333333334,64.16666666666667,131.41666666666666,16.25,,,,,,4.6875,,16.5,22.0,2022.0
Bugandaro_Kagunga,2037.7333333333333,52.333333333333336,1.2858333333333334,31.0,151.66666666666666,4.0,,,,,,4.458333333333333,,12.75,,2022.0
Bugara_Kagunga,2034.925,49.916666666666664,1.60625,40.0,189.0,15.5,,155.4,,,,10.333333333333334,,20.0,,2022.0
Bugomora_Kishanje,2166.409090909091,47.63636363636363,0.7090909090909091,81.81818181818181,146.66666666666666,14.0,,,,,,4.611111111111111,,8.75,,2022.0
Bugonya,1063.8192307692307,37.19230769230769,1.7666666666666668,42.80769230769231,56.0,,11.5,,178.4,75.0,,6.0,,22.875,,2022.0
Bugoro,911.6833333333334,47.666666666666664,1.0866666666666667,31.166666666666668,65.0,,,,21.666666666666668,,,,,35.0,0.0,2022.0
Buhamba,1438.2416666666668,55.166666666666664,1.6510416666666667,28.333333333333332,118.75,,,,195.375,,,,,172.5,140.0,2022.0
Buhanyura,1960.9,51.09090909090909,1.2336363636363636,20.454545454545453,101.5,7.5,,,75.0,,,7.611111111111111,,16.0,,2022.0
Buhoma,1434.7333333333333,46.916666666666664,1.9645833333333333,10.666666666666666,88.25,,87.66666666666667,,,110.0,,6.333333333333333,80.0,98.54545454545455,40.0,2022.0
Buhumuliro  A,1108.5583333333334,47.333333333333336,2.6927083333333335,69.5,213.7,,,,580.0,,,,110.0,67.5,0.0,2022.0
Bukere,1025.6909090909091,47.24242424242424,1.3299999999999998,62.515151515151516,46.666666666666664,,4.25,,550.5882352941177,80.0,,3.3333333333333335,,6.555555555555555,28.0,2022.0
Bunabiro,1055.2821428571428,41.357142857142854,1.608,88.42857142857143,61.25,,42.0,,322.0,74.5,,85.75,,11.444444444444445,,2022.0
Bunagana,2095.2727272727275,41.90909090909091,1.5545454545454547,75.0,92.54545454545455,7.0,,,,,,6.0,,6.6,0.0,2022.0
Buniga,2063.746153846154,48.46153846153846,0.8638461538461539,27.307692307692307,152.08333333333334,18.166666666666668,,,,,,4.055555555555555,,20.444444444444443,,2022.0
Bunyinya,1653.675,51.5,1.5458333333333334,30.833333333333332,145.0,,,,,,,20.0,,55.0,45.875,2022.0
Burebane_Rwanja_West,1404.2166666666665,51.083333333333336,0.8541666666666666,38.333333333333336,63.0,,1.0,,200.0,,,1.5,,49.285714285714285,13.2,2022.0
Buremba,1959.3833333333332,43.833333333333336,0.9333333333333332,40.166666666666664,130.54545454545453,,,,,,,6.1,,8.285714285714286,,2022.0
Busege,966.5400000000001,35.5,1.55,67.06666666666666,67.5,,83.3,,382.4761904761905,90.0,,,,20.714285714285715,,2022.0
Buseru,1028.6911764705883,39.588235294117645,0.7177083333333334,77.6470588235294,55.0,,5.4,,431.36842105263156,,,,,40.8,190.0,2022.0
Buseta,1033.662962962963,39.0,1.3199999999999998,42.592592592592595,115.0,,25.5,,335.2307692307692,33.0,,4.0,,7.545454545454546,150.0,2022.0
Bushaara,2090.5636363636363,45.81818181818182,2.326363636363636,96.36363636363636,195.55555555555554,10.666666666666666,,,,,,11.166666666666666,,41.5,500.0,2022.0
Bushambara,2022.0333333333335,53.833333333333336,1.6208333333333333,37.75,240.41666666666666,,,346.25,,,,173.16666666666666,,30.0,,2022.0
Bushure,1998.0,54.333333333333336,0.5833333333333334,71.66666666666667,129.36363636363637,9.0,,192.5,,,,4.4,,21.0,,2022.0
Busiginyi,1032.0538461538463,42.30769230769231,0.9522727272727273,45.07692307692308,120.0,,43.65,,581.0588235294117,135.0,,4.333333333333333,,12.0,60.0,2022.0
Busiro,1043.0454545454545,42.878787878787875,1.4863636363636366,48.54545454545455,,,19.75,,194.76923076923077,144.0,,4.5,,51.6,40.0,2022.0
Busiro_Cenral,1045.6125,45.96875,1.4,57.84375,61.333333333333336,,38.25,94.0,263.5,53.2,,17.5,5.0,37.69230769230769,,2022.0
Busiro_Tabina,1038.748275862069,46.13793103448276,1.0386363636363638,89.3103448275862,,,,10.0,203.42857142857142,,,,7.0,11.0,,2022.0
Bususwa,1051.0,43.16129032258065,1.3590909090909091,73.64516129032258,59.833333333333336,,43.5,,148.5,64.0,,68.0,,123.0,41.25,2022.0
Butaahwa,1995.22,52.7,0.845,24.0,75.3,,,,,,,13.375,,17.88888888888889,,2022.0
Butambala,1033.47,42.9,0.4772727272727273,48.6,10.0,,9.8,200.0,346.25,150.0,,2.5,,8.0,,2022.0
Butare,0.0,45.25,0.6041666666666666,70.41666666666667,116.25,,,55.0,96.66666666666667,,,3.25,,40.142857142857146,107.83333333333333,2022.0
Butusi,1540.7666666666667,59.666666666666664,1.7055555555555557,59.44444444444444,399.375,22.333333333333332,,,,,,5.428571428571429,,30.0,,2022.0
Butwoli,1036.5958333333333,34.958333333333336,1.4631578947368422,50.0,25.0,,5.25,,325.45454545454544,250.0,,13.333333333333334,,7.25,167.5,2022.0
Buvundya,1028.0451612903225,44.16129032258065,0.7192307692307692,47.54838709677419,172.0,,5.4,,467.0,141.66666666666666,,10.4,,16.333333333333332,,2022.0
Buyaayo_A,1339.3416666666667,52.25,1.2841666666666667,71.66666666666667,86.33333333333333,,1.0,,,,,,,,,2022.0
Buyaayo_B,0.0,46.0,0.6358333333333334,70.83333333333333,106.0,,,,,,,,,56.0,250.0,2022.0
Buyaayo_C,1555.9666666666665,43.75,1.75,68.33333333333333,88.14285714285714,,5.0,,17.333333333333332,,,9.6,,68.0,62.857142857142854,2022.0
Bwambali,1964.5083333333332,55.0,1.3666666666666665,27.166666666666668,150.9090909090909,,,450.0,,,,4.35,,9.5,,2022.0
Bwegiragye,1040.1033333333332,48.03333333333333,1.5379310344827586,33.43333333333333,167.63636363636363,5.0,2.1,,78.33333333333333,110.0,,3.0,,187.65384615384616,284.29411764705884,2022.0
Bwehare,1666.5,50.25,1.2933333333333332,34.583333333333336,92.27272727272727,,5.5,,,125.0,,3.590909090909091,100.0,53.833333333333336,47.5,2022.0
Bweronde,1299.5,50.083333333333336,1.5374999999999999,17.166666666666668,46.57142857142857,,114.5,,202.0,119.0,,3.75,98.0,47.833333333333336,116.5,2022.0
Bwisanga_Isalo,992.0666666666667,45.083333333333336,1.0499999999999998,46.458333333333336,56.75,,9.1,,448.22222222222223,155.0,,9.666666666666666,,6.0,,2022.0
Gadumire_T/C,1053.9206896551725,50.724137931034484,1.6851851851851851,48.96551724137931,153.33333333333334,,132.25,,246.95652173913044,,,10.0,,43.333333333333336,,2022.0
Galiboleka A,1151.8083333333334,45.416666666666664,1.9333333333333333,29.583333333333332,166.25,,3.875,,131.0,,,5.75,422.5,32.857142857142854,38.25,2022.0
Galiboleka B,1159.9916666666666,38.25,0.5333333333333333,37.833333333333336,145.54545454545453,3.0,,,95.0,,,,,0.0,0.0,2022.0
Galilaya B,1141.5153846153846,35.0,0.46153846153846156,38.15384615384615,297.8,,,,353.6666666666667,,,,,15.0,0.0,2022.0
Ganyinayo,1350.990909090909,54.27272727272727,1.9272727272727272,75.0,138.33333333333334,6.0,8.2,,226.25,,,,25.0,25.666666666666668,10.8,2022.0
Gariraya,1341.675,47.25,1.8929166666666666,40.416666666666664,321.42857142857144,27.0,15.5,,268.0,,,41.5,,,,2022.0
Habuhinga,2026.9750000000001,50.333333333333336,1.0,50.25,158.0,,,,,,,3.9285714285714284,,25.0,,2022.0
Habuhinga_Kishanje,2144.0499999999997,47.25,0.9708333333333333,35.416666666666664,186.83333333333334,25.2,,350.0,,,,4.4375,,6.666666666666667,,2022.0
Igomanda_I,1026.321739130435,46.26086956521739,1.108695652173913,25.0,108.25,8.0,3.9166666666666665,,252.5,,,,47.666666666666664,63.84615384615385,222.85714285714286,2022.0
Igomanda_Ii,1034.0125,46.875,1.28125,18.458333333333332,186.88888888888889,,2.5,,137.0,,,,100.0,148.625,49.666666666666664,2022.0
Iguliryo,1026.7935483870967,42.12903225806452,1.1416666666666666,56.774193548387096,34.0,,16.666666666666668,,329.0,,,8.0,,14.0,,2022.0
Ihunga,2070.976923076923,41.53846153846154,0.5115384615384616,55.76923076923077,115.54545454545455,20.625,,,,,,4.5,,4.666666666666667,,2022.0
Iraaro,1410.8625,40.0,2.59375,83.125,14.0,,5.0,,,260.0,,15.0,,95.0,146.66666666666666,2022.0
Irangara,1697.0333333333335,42.916666666666664,1.5999999999999999,68.75,101.3,,2.0,,,,,2.0,,83.27272727272727,75.0,2022.0
Iraramira_ 1,1211.425,38.916666666666664,0.9375,42.5,128.75,,,,,,,,,,,2022.0
Iraramira_2,1223.5,42.25,1.4583333333333333,84.16666666666667,112.22222222222223,,2.0,,110.0,,,1.6666666666666667,120.0,79.54545454545455,122.72727272727273,2022.0
Iraramira_Central,1266.2333333333333,48.666666666666664,1.1618708333333334,82.08333333333333,70.0,,,,,,,,,51.75,117.14285714285714,2022.0
Ireehe,1034.4333333333334,39.041666666666664,1.0738095238095238,64.20833333333333,72.5,,6.333333333333333,,416.0,,,3.0,,26.22222222222222,70.0,2022.0
Isaalo,1025.0966666666668,40.5,1.2916666666666667,29.6,5.0,,19.333333333333332,,277.0,139.0,,2.0,,31.625,65.0,2022.0
Isoroma,1367.0727272727272,46.90909090909091,2.1999999999999997,50.45454545454545,242.66666666666666,16.333333333333332,2.6999999999999997,,189.28571428571428,,,25.0,,21.875,6.0,2022.0
Kabale,1384.4916666666668,49.0,2.254166666666667,43.333333333333336,164.2,16.833333333333332,7.975,,182.2,,,14.65,,8.75,20.5,2022.0
Kaborogota_A,786.1583333333333,50.416666666666664,1.20625,32.5,97.5,,3.8,,23.0,,,7.1875,,53.75,93.9090909090909,2022.0
Kaborogota_B,0.0,44.22222222222222,1.4058333333333333,51.94444444444444,100.0,,,,,65.0,,,,32.6,80.0,2022.0
Kabungo,1403.6666666666667,48.0,0.6379166666666666,51.25,66.25,,,,29.0,,,,,,37.5,2022.0
Kaburara,1218.2,46.916666666666664,1.5708333333333335,42.5,71.125,,5.0,200.0,21.5,,,7.6,70.0,40.90909090909091,73.33333333333333,2022.0
Kacerere_Bufundi,2050.6384615384613,47.61538461538461,1.0653846153846154,21.0,161.66666666666666,6.333333333333333,,,,,,4.416666666666667,,6.6,,2022.0
Kacheri,495.76000000000005,59.4,1.49,33.0,228.33333333333334,,,,335.0,,,6.0,,17.0,,2022.0
Kacwamuhoro,2116.269230769231,54.07692307692308,0.7346153846153847,56.92307692307692,143.0,11.46875,,150.0,,,,12.125,,6.111111111111111,,2022.0
Kagali,2007.8916666666667,42.833333333333336,0.9058333333333334,23.75,150.66666666666666,18.5,,250.0,,,,5.666666666666667,,12.25,,2022.0
Kagando,1086.75,46.166666666666664,2.3874999999999997,32.916666666666664,190.1818181818182,,4.5,,142.95833333333334,,,5.55,67.66666666666667,60.0,128.57142857142858,2022.0
Kagando_Kyabakara,1029.5827586206897,50.172413793103445,0.7258620689655173,30.344827586206897,91.57142857142857,,3.0,,65.0,57.5,,,35.0,89.375,136.875,2022.0
Kagarama  B,1132.7416666666666,47.5,1.0875000000000001,45.0,160.55555555555554,,3.5,,106.66666666666667,,,2.9166666666666665,130.0,28.3,22.5,2022.0
Kagarama A,1133.7250000000001,52.833333333333336,1.375,68.75,94.9090909090909,10.0,3.2,,90.77777777777777,,,2.4,127.5,17.875,48.0,2022.0
Kagarama_Nyabubare,1083.5733333333333,46.7,1.1620689655172414,38.833333333333336,107.5,5.0,5.5,,65.0,,,,112.5,116.57142857142857,212.63636363636363,2022.0
Kagogo,2004.86,52.9,0.5,46.0,162.0,13.666666666666666,,,,,,6.333333333333333,,3.75,,2022.0
Kagugo_Kacerere,2043.6363636363637,46.81818181818182,0.8409090909090909,65.9090909090909,124.9090909090909,,,,,,,8.55,,7.454545454545454,,2022.0
Kagunga_Kagunga,2123.1846153846154,53.23076923076923,1.1261538461538463,71.15384615384616,123.72727272727273,16.0,,,,,,6.554545454545454,,21.25,,2022.0
Kakari_I_A,1010.7041666666668,44.25,1.1434782608695653,15.041666666666666,234.11764705882354,16.4,7.0,,199.0,,,,60.0,223.25,218.57142857142858,2022.0
Kakari_I_B,1020.3238095238095,50.476190476190474,0.8761904761904761,23.714285714285715,133.73333333333332,,3.0,,103.33333333333333,,,,,102.52380952380952,235.84615384615384,2022.0
Kakari_Ii_A,1029.496551724138,44.172413793103445,1.1788461538461539,33.89655172413793,173.8421052631579,17.0,,105.0,79.5,,,,100.0,142.6315789473684,149.76923076923077,2022.0
Kakari_Ii_B,1007.9347826086956,45.608695652173914,0.9836956521739131,25.130434782608695,130.6875,9.0,,,68.75,,,,100.0,40.90909090909091,62.0,2022.0
Kakundwa,1050.8916666666667,39.0,0.8583333333333334,37.083333333333336,232.3,,,,344.3333333333333,,,3.5,150.0,36.5,43.333333333333336,2022.0
Kakureijo,1243.125,45.0,1.1900000000000002,32.083333333333336,59.5,,,,,130.0,,,,,376.0,2022.0
Kamihunge,2355.0416666666665,47.583333333333336,1.05,104.58333333333333,139.16666666666666,,,125.0,,,,123.57142857142857,,26.25,,2022.0
Kamuhoko,2022.409090909091,42.90909090909091,1.231818181818182,21.363636363636363,205.55555555555554,378.75,,200.0,,,,90.0,,30.0,60.0,2022.0
Kanjenje,1340.9583333333333,44.875,1.0717391304347825,67.08333333333333,95.3157894736842,6.0,3.0,,122.5,,,,,64.16666666666667,40.55555555555556,2022.0
Kantora,2042.4583333333333,43.5,0.8641458333333333,35.0,132.2,8.5,,,,,,26.5,,7.5,,2022.0
Kanyamisinga,1413.59,41.0,1.318,22.5,33.0,,,,,31.0,,17.666666666666668,,5.5,,2022.0
Kanyankyende,1464.4333333333334,40.5,0.5491666666666667,40.416666666666664,53.666666666666664,,0.0,,37.5,,,,,3.6,0.0,2022.0
Kanyashande,1395.2083333333333,42.666666666666664,1.0170833333333333,31.666666666666668,,,2.0,,32.0,100.0,,,,48.0,96.66666666666667,2022.0
Kanyinya_Rugashari,1111.3096774193548,50.96774193548387,1.1806451612903226,50.96774193548387,153.86363636363637,4.0,,100.0,130.47619047619048,,,,480.0,59.46153846153846,51.53846153846154,2022.0
Kanywansande,1103.2,40.96666666666667,1.4017241379310343,26.766666666666666,119.0,,11.222222222222221,,116.4,119.0,,85.0,95.0,28.333333333333332,188.07142857142858,2022.0
Karama_Kinaaba,1105.7083333333333,46.458333333333336,1.3541666666666667,55.0,151.29166666666666,8.0,3.0,,154.77272727272728,,,5.125,460.0,35.54545454545455,90.4,2022.0
Karembo,1048.2124999999999,42.875,0.9291666666666667,31.041666666666668,123.8,11.5,4.0,,122.5,180.0,,5.0,108.16666666666667,64.6842105263158,165.34375,2022.0
Karimongora,883.1166666666667,58.5,1.5916666666666668,35.833333333333336,82.4,,3.0,,40.0,,,10.666666666666666,120.0,63.18181818181818,85.71428571428571,2022.0
Karondo,2004.9363636363635,40.63636363636363,0.7085909090909092,52.81818181818182,66.5,7.5,,220.0,,,,,,10.6,,2022.0
Kasaba A,1363.8999999999999,52.666666666666664,1.8583333333333334,54.166666666666664,189.44444444444446,2.6,17.1,,188.5,,,22.0,,12.0,9.75,2022.0
Kasaba B,1150.6166666666666,38.5,1.2583333333333333,64.16666666666667,136.66666666666666,11.25,6.0,,250.0,,,,,16.166666666666668,,2022.0
Kasaba C,1346.3818181818183,42.27272727272727,1.5636363636363635,30.90909090909091,119.8,12.675,6.0,,286.5,,,6.15,,15.142857142857142,16.5,2022.0
Kasaba T/C,1411.65,55.0,7.1800000000000015,37.7,248.33333333333334,14.5625,13.833333333333334,,244.375,,,8.84,,28.444444444444443,34.25,2022.0
Kashambya_Kacerere,2091.6583333333333,45.666666666666664,1.0166666666666666,15.25,209.0,202.0,,,,,,70.0,,29.0,,2022.0
Kashambya_Mugyera,2027.7888888888888,51.22222222222222,2.3666666666666667,46.666666666666664,165.55555555555554,,,,,,,5.75,,26.666666666666668,,2022.0
Kashamwe,779.9250000000001,47.166666666666664,1.3858333333333333,31.25,58.285714285714285,,2.0,,,,,1.8666666666666665,,40.333333333333336,32.5,2022.0
Kashasha_Ikumba,1977.65,47.3,1.04,61.5,126.75,13.583333333333334,,,,,,4.0,,20.714285714285715,,2022.0
Kashebeya,1416.23,51.9,0.7304999999999999,55.0,69.14285714285714,,6.25,,114.0,133.33333333333334,,3.5,,71.11111111111111,75.55555555555556,2022.0
Kashenyi,1484.2083333333333,35.166666666666664,0.7625000000000001,117.5,198.75,,,,170.0,,,,,120.0,65.0,2022.0
Kashongati,2090.866666666667,48.583333333333336,0.7291666666666666,42.916666666666664,108.0,,,193.33333333333334,,,,11.166666666666666,,7.142857142857143,,2022.0
Kashule,2008.0916666666665,52.583333333333336,0.5875,57.916666666666664,100.0,4.0,,,,,,3.0,,5.25,,2022.0
Kasimbi,1076.175,44.166666666666664,1.4781250000000001,38.958333333333336,136.8095238095238,,6.9,,124.0,,,3.925,126.66666666666667,39.588235294117645,49.285714285714285,2022.0
Kasozi,1116.2916666666667,56.166666666666664,1.3291666666666666,24.166666666666668,304.0,,,,240.0,,,,104.0,44.0,176.66666666666666,2022.0
Katabago_I,1003.6967741935483,45.483870967741936,0.8709677419354839,19.548387096774192,120.0,4.5,6.916666666666667,,121.11111111111111,150.0,,,135.0,56.8,117.14285714285714,2022.0
Katabago_Ii,1016.4433333333333,52.4,1.920689655172414,20.5,115.28571428571429,2.75,51.25,,69.8,,,,73.0,116.93103448275862,92.5,2022.0
Katehe,1095.625,45.791666666666664,1.3727272727272728,24.791666666666668,132.91666666666666,,5.0,,690.0,,,,40.0,57.416666666666664,222.72727272727272,2022.0
Kateija,579.4,39.833333333333336,1.3208333333333333,63.75,81.36363636363636,,3.25,,,30.0,,6.454545454545454,45.0,44.5,77.72727272727273,2022.0
Katiba,1461.8666666666668,45.166666666666664,0.5750000000000001,90.0,191.0,,20.0,,250.0,71.5,,,,60.0,82.4,2022.0
Katojo,1798.9181818181817,43.90909090909091,0.3772727272727273,42.27272727272727,165.0,11.5,,,,,,2.9,,4.166666666666667,,2022.0
Katungu,1508.4583333333333,47.083333333333336,1.2958333333333334,44.583333333333336,83.5,,,,100.0,,,3.0,,99.54545454545455,72.85714285714286,2022.0
Katungu_Kacerere,2108.8900000000003,51.0,1.3122,35.0,192.0,12.5,,,,,,7.5,,,,2022.0
Keina,1579.3,39.666666666666664,0.65620625,23.333333333333332,91.33333333333333,,,,,,,,,51.875,36.3,2022.0
Kengoma_Kihembe,1147.28,43.93333333333333,1.3810344827586205,32.5,90.62068965517241,9.0,12.175,86.25,93.92307692307692,127.6,,3.5,41.714285714285715,10.166666666666666,186.92307692307693,2022.0
Kibanda_A,1087.3583333333333,50.125,0.6875,38.666666666666664,120.3125,,,,132.22222222222223,,,,95.0,51.6,60.0,2022.0
Kibanda_B,1048.1947368421054,42.10526315789474,0.6986842105263158,35.78947368421053,173.92857142857142,,,,126.25,,,,,90.0,92.0,2022.0
Kibanda_Tc,1063.775,42.15,0.615,28.25,163.25,,,,128.75,,,,142.5,25.272727272727273,56.666666666666664,2022.0
Kibara,2084.8416666666667,49.333333333333336,0.6666666666666666,60.833333333333336,137.72727272727272,1.5,,220.0,,,,10.333333333333334,,3.888888888888889,,2022.0
Kibare,2039.6499999999999,57.583333333333336,0.7166666666666668,49.583333333333336,116.1,26.0,,,,,,6.125,,32.666666666666664,,2022.0
Kibuga_A,1102.8366666666666,46.8,1.3916666666666666,42.96666666666667,156.03571428571428,,8.142857142857142,,148.07692307692307,,,6.6,233.88888888888889,40.4,31.11111111111111,2022.0
Kibuga_B,1113.25,40.333333333333336,0.65,51.416666666666664,151.58333333333334,,5.0,,123.18181818181819,,,4.25,240.0,29.5,70.0,2022.0
Kicwamba,1328.4583333333333,44.666666666666664,2.5375,57.083333333333336,182.91666666666666,9.833333333333334,8.25,,167.33333333333334,,,11.675,,33.0,18.0,2022.0
Kigarama_Nyamabare,2121.8454545454547,51.18181818181818,1.1181818181818182,41.54545454545455,92.54545454545455,4.8,,,,,,8.75,,54.25,,2022.0
Kigarya,2143.9500000000003,50.25,1.5058333333333334,61.916666666666664,125.27272727272727,,,,,,,6.5625,,5.0,,2022.0
Kigimbi_C,774.8416666666667,52.333333333333336,1.0833333333333333,40.666666666666664,102.4,,,,,,,2.3333333333333335,,61.25,57.857142857142854,2022.0
Kigimbi_D,762.3249999999999,48.833333333333336,2.027083333333333,27.916666666666668,95.0,,,,40.0,,,10.0,50.0,68.08333333333333,88.5,2022.0
Kigunguzo,2370.0666666666666,51.5,1.3708333333333333,215.5,120.45454545454545,6.5,,,,,,10.15,,9.0,,2022.0
Kigunura,2314.7153846153847,50.69230769230769,0.6961538461538462,180.0,91.0,3.0,,,,,,4.8,,9.5,,2022.0
Kihembe_Central,1123.05,49.63333333333333,2.0349999999999997,34.833333333333336,95.55172413793103,,6.181818181818182,175.0,110.9090909090909,,,7.666666666666667,64.875,27.818181818181817,230.74074074074073,2022.0
Kiina,1369.0454545454545,42.72727272727273,0.7763636363636363,33.72727272727273,43.0,,,,,35.0,,,,51.25,23.333333333333332,2022.0
Kijagi,2138.9500000000003,49.583333333333336,2.6783333333333332,35.833333333333336,274.6666666666667,14.0,,,,,,6.05,,5.5,,2022.0
Kikura,1629.8166666666666,40.083333333333336,1.575,43.166666666666664,84.8,,,,53.0,,,12.75,85.0,110.0,134.27272727272728,2022.0
Kinaaba_A,1099.9833333333333,45.791666666666664,0.8666666666666667,44.583333333333336,118.0,,,,126.05263157894737,,,4.0,160.0,93.33333333333333,52.5,2022.0
Kinaaba_B,1103.9708333333333,48.666666666666664,0.5927083333333333,43.541666666666664,167.77777777777777,,,,138.11764705882354,,,,220.0,8.636363636363637,25.714285714285715,2022.0
Kinoni,1080.8041666666666,47.416666666666664,0.9608695652173914,31.791666666666668,154.94444444444446,,9.0,260.0,392.0,,,9.0,69.33333333333333,103.29166666666667,241.8421052631579,2022.0
Kinyami,2230.0,40.833333333333336,1.3360833333333335,128.58333333333334,123.18181818181819,9.6,,140.0,,,,12.714285714285714,,14.0,,2022.0
Kinyungu,2126.0538461538463,38.61538461538461,0.836923076923077,60.76923076923077,136.15384615384616,3.75,,,,,,5.125,,18.857142857142858,0.0,2022.0
Kiranga_A,1042.6541666666667,48.375,0.6547619047619048,51.5,68.8,,7.25,,394.8421052631579,60.0,,3.8333333333333335,,11.625,160.0,2022.0
Kiranga_B,1038.6083333333333,53.458333333333336,1.1142857142857143,65.54166666666667,55.0,,22.666666666666668,,558.6666666666666,40.0,,5.666666666666667,,24.4,140.0,2022.0
Kiriba,2087.7583333333337,50.666666666666664,1.7208333333333332,44.166666666666664,186.58333333333334,9.0,,,,,,5.375,,29.0,,2022.0
Kiriba_A,2081.25,46.666666666666664,1.1824999999999999,74.16666666666667,153.63636363636363,13.875,,,,,,4.545454545454546,,21.0,,2022.0
Kiriba_B,2007.1833333333334,53.25,0.9216666666666665,57.083333333333336,109.5,13.2,,,,,,5.5,,10.0,,2022.0
Kiriba_Kashasha,2115.4416666666666,49.583333333333336,0.75,42.5,204.0909090909091,15.0,,250.0,,,,10.5,,4.8,,2022.0
Kirimbi,2094.3545454545456,41.54545454545455,0.7318181818181819,24.545454545454547,211.36363636363637,,,,,,,11.722222222222221,,16.0,,2022.0
Kiringa,1982.2416666666668,43.833333333333336,0.9083333333333333,45.833333333333336,270.0,,,,,,,10.916666666666666,,10.75,,2022.0
Kiruruma_Kacerere,2032.1999999999998,53.30769230769231,1.0807692307692307,40.0,178.84615384615384,178.6,,175.0,,,,53.75,,28.75,,2022.0
Kirwa_Kacerere,2012.0416666666667,50.083333333333336,1.4433333333333334,15.416666666666666,197.77777777777777,9.666666666666666,,,,,,5.0,,25.6,10.0,2022.0
Kirwa_Kagunga,2015.4166666666667,53.666666666666664,2.0166666666666666,58.75,172.83333333333334,12.0,,,,,,4.95,,3.0,,2022.0
Kisegenyi,1367.9583333333333,51.916666666666664,2.2333333333333334,72.5,280.0,9.75,,,,,,6.0,,28.0,6.5,2022.0
Kisenyi,2040.3363636363638,53.36363636363637,0.6883795454545454,62.90909090909091,78.25,,,,,,,14.0,,,,2022.0
Kishanje,2118.3166666666666,45.666666666666664,0.9708333333333333,22.666666666666668,188.0,116.33333333333333,,175.0,,,,113.0,,26.666666666666668,,2022.0
Kishanje_Tc,2089.975,53.666666666666664,0.9535,21.25,165.75,12.0,,275.0,,,,16.0,,9.0,,2022.0
Kitabugika_Mugyera,2394.3250000000003,50.083333333333336,0.9479166666666666,280.8333333333333,220.55555555555554,9.666666666666666,,,,,,7.333333333333333,,6.4,,2022.0
Kitahurira,2121.16,56.6,0.7413000000000001,48.5,102.0,11.0,,,,,,14.0,,,,2022.0
Kitongo,1461.95,55.333333333333336,1.8541666666666667,63.75,224.28571428571428,,,,249.0,15.0,,10.375,,272.6,122.0,2022.0
Kitooma,2131.4083333333333,53.166666666666664,0.3833333333333333,26.666666666666668,76.0,,,,,,,4.333333333333333,,4.8,,2022.0
Kitwego,2024.8333333333333,53.916666666666664,0.7955833333333334,28.166666666666668,175.71428571428572,,,260.0,,,,27.5,,9.5,,2022.0
Kizikirungi,1294.4416666666666,49.666666666666664,0.9791666666666666,67.5,109.91666666666667,21.0,16.0,,178.75,,,11.08,,25.3,12.4,2022.0
Kyabaganda,1364.7333333333333,50.333333333333336,1.4124999999999999,88.75,164.125,9.333333333333334,15.0,,237.5,,,,55.0,23.666666666666668,23.5,2022.0
Kyamba,1010.258064516129,50.225806451612904,1.0844827586206895,65.28387096774193,,,5.0,,325.8,148.33333333333334,,5.666666666666667,,7.571428571428571,160.0,2022.0
Kyanika,1289.409090909091,39.36363636363637,1.4772727272727273,32.27272727272727,214.1,,6.266666666666666,,267.22222222222223,,,14.1,,12.5,23.75,2022.0
Kyeijanga,1502.7250000000001,45.5,1.3375000000000001,33.5,80.0,,,,50.0,,,,,77.33333333333333,167.66666666666666,2022.0
Kyenjojo_I,1045.025,46.333333333333336,0.90625,30.625,129.75,,,,285.0,110.0,,,,32.53333333333333,170.0,2022.0
Kyenjojo_Ii,1036.675,50.166666666666664,0.6687500000000001,22.208333333333332,101.3529411764706,9.0,100.0,,112.85714285714286,,,,,104.6086956521739,131.75,2022.0
Kyeshero Central,1286.0538461538463,46.38461538461539,1.7644230769230769,37.92307692307692,88.75,,,,400.0,95.0,,,,41.44444444444444,37.166666666666664,2022.0
Kyozi,1162.1633333333334,42.93333333333333,1.7583333333333333,22.833333333333332,111.73913043478261,,2.533333333333333,181.66666666666666,126.07142857142857,149.0,,4.0,83.5,15.0,245.2941176470588,2022.0
Kyumbuguchu,1420.6916666666666,36.416666666666664,0.8954166666666667,25.833333333333332,93.75,,,,,170.0,,3.25,,15.0,2.0,2022.0
Lake_Nakuwa,1053.7323529411765,49.11764705882353,1.4107142857142858,71.08823529411765,86.42857142857143,,49.333333333333336,,253.42857142857142,57.25,,4.5,,16.714285714285715,,2022.0
Mabaare,1442.7333333333333,50.75,1.4566666666666668,26.666666666666668,119.11111111111111,,6.375,,128.57142857142858,360.0,,4.625,,207.0909090909091,110.625,2022.0
Mahasa,1388.7916666666667,53.75,2.2916666666666665,94.16666666666667,208.0,7.0,,,240.83333333333334,,,,,18.0,0.6666666666666666,2022.0
Marashaniro,1612.3083333333334,38.833333333333336,2.3833333333333333,51.25,136.25,,2.0,,55.0,,,3.5,,221.33333333333334,130.55555555555554,2022.0
Mashoho,1877.2916666666667,39.0,0.5666666666666667,38.333333333333336,92.0,9.75,,200.0,,,,8.0,,5.333333333333333,,2022.0
Matiri,1312.6916666666666,38.75,0.3333333333333333,58.75,108.0,,,,86.0,,,6.666666666666667,,31.0,18.333333333333332,2022.0
Mayanga_A,1519.7083333333333,47.0,1.0560416666666665,30.416666666666668,73.0,,,,,,,,,58.55555555555556,136.36363636363637,2022.0
Mayanga_B,0.0,50.916666666666664,0.6158333333333333,52.083333333333336,57.0,,,,,,,,,55.666666666666664,,2022.0
Mayanga_C,1554.1916666666666,45.75,1.0833333333333333,45.0,80.0,,,,,,,,,50.083333333333336,2.0,2022.0
Mayanga_D,1556.3666666666668,58.916666666666664,0.35000000000000003,91.25,180.0,,,,,,,,,40.0,80.0,2022.0
Mboha,1311.7749999999999,49.416666666666664,1.3775000000000002,26.25,53.4,,24.0,,31.25,50.0,,,,3.5,0.0,2022.0
Mikonebiiri_A,1311.3875,42.625,1.1238095238095238,24.791666666666668,108.0,10.0,7.0,,138.33333333333334,,,,,178.45,154.58333333333334,2022.0
Mikonebiiri_B,1324.5,46.233333333333334,1.1116666666666668,31.5,112.48,16.545454545454547,7.5,,120.0909090909091,,,,50.0,78.75,243.75,2022.0
Mizirandu,1345.9666666666667,53.166666666666664,1.6791666666666665,36.25,176.66666666666666,8.0,5.9375,,203.45454545454547,,,10.644444444444444,,21.0,12.833333333333334,2022.0
Mparo A,1323.175,49.333333333333336,1.6541666666666668,46.916666666666664,205.25,15.666666666666666,,,250.41666666666666,,,,,30.454545454545453,18.571428571428573,2022.0
Mparo B,1345.6499999999999,43.5,3.408333333333333,51.666666666666664,163.58333333333334,7.75,8.333333333333334,,86.33333333333333,,,15.181818181818182,,25.7,15.2,2022.0
Mparo C,1315.1166666666666,49.166666666666664,1.2291666666666667,45.833333333333336,81.45454545454545,3.0533333333333332,2.0,,250.0,,,44.0,,15.375,19.333333333333332,2022.0
Mugombwa,1154.6333333333334,52.0,1.4916666666666665,63.125,146.0,6.0,8.625,,221.9,,,5.0,346.6666666666667,81.5,238.30769230769232,2022.0
Muhabura,1352.0727272727272,49.63636363636363,0.2863636363636364,34.09090909090909,103.27272727272727,9.0,,,213.0,,,,,16.6,2.0,2022.0
Mukibungo_Mushanje,2189.7833333333333,42.833333333333336,1.6524999999999999,159.16666666666666,125.75,5.875,,80.0,,,,6.35,,4.5,,2022.0
Mukihita,1990.8708333333334,51.458333333333336,1.655,55.708333333333336,225.0,285.0,,,,,,17.90909090909091,,20.714285714285715,,2022.0
Mukirwa,1957.8583333333333,47.5,1.4083333333333332,30.833333333333332,153.75,23.0,,,,,,4.318181818181818,,32.142857142857146,0.0,2022.0
Mukitagata,1860.3545454545456,45.54545454545455,1.5727272727272728,28.181818181818183,241.36363636363637,,,260.0,,,,100.5,,25.0,,2022.0
Mukitojo,2072.072727272727,47.18181818181818,0.8181818181818182,30.90909090909091,125.625,11.333333333333334,,,,,,2.75,,5.833333333333333,,2022.0
Muko,2220.3083333333334,38.583333333333336,0.5583333333333333,32.916666666666664,66.0,,,,,,,4.1,,6.5,,2022.0
Mukole,1122.9083333333333,50.666666666666664,1.3145833333333334,47.083333333333336,234.375,,3.0,,380.0,,,13.333333333333334,155.0,38.333333333333336,80.0,2022.0
Mukongoro,1538.676923076923,41.53846153846154,1.205769230769231,73.84615384615384,69.5,,2.5,,70.0,55.0,,,,10.0,23.857142857142858,2022.0
Mukono,1062.6583333333333,52.666666666666664,1.9333333333333333,32.333333333333336,44.666666666666664,,21.0,,36.5,,,16.0,,213.33333333333334,277.5,2022.0
Mukwisi,1364.8333333333333,56.0,2.341666666666667,47.083333333333336,202.22222222222223,5.625,,,206.0,,,,75.0,0.0,,2022.0
Mumpalo,1970.7333333333333,55.166666666666664,1.55,18.75,150.72727272727272,10.0,,,,,,8.142857142857142,,26.0,,2022.0
Munyonyi_1,1459.3,42.96666666666667,0.88,37.1,135.72,19.952380952380953,,,314.7647058823529,,28.0,17.333333333333332,115.0,72.9047619047619,117.91666666666667,2022.0
Munyonyi_2A,1332.81,48.266666666666666,1.365,35.5,143.4,7.75,4.0,,130.57692307692307,,,15.0,,126.75862068965517,174.07407407407408,2022.0
Munyonyi_2B,1376.7,45.96666666666667,1.7948275862068965,28.5,105.45454545454545,5.333333333333333,100.0,,109.0,,16.5,,50.0,85.95833333333333,176.0,2022.0
Munyonyi_3,1266.6033333333332,47.36666666666667,0.8866071428571428,34.833333333333336,86.94444444444444,6.666666666666667,,,58.333333333333336,,,6.0,,126.34615384615384,121.66666666666667,2022.0
Munyonyi_4,1331.5791666666667,45.416666666666664,0.982608695652174,42.75,127.3529411764706,8.6,6.0,,55.0,,,4.0,70.0,89.04761904761905,371.5,2022.0
Munyonyi_5,1347.2533333333333,46.8,1.0166666666666666,23.0,135.54545454545453,31.833333333333332,2.25,,314.35714285714283,65.0,,6.0,95.0,89.0,121.5,2022.0
Murago,2208.58,54.7,0.893,25.0,109.85714285714286,,,130.0,,,,3.0833333333333335,,13.6,,2022.0
Murambi,691.775,52.75,0.8333333333333334,36.666666666666664,68.33333333333333,,,,,,,1.875,,69.0909090909091,92.0,2022.0
Murambi_Rurehe,793.625,51.166666666666664,0.8333333333333334,34.583333333333336,101.875,,,,25.0,,,2.3333333333333335,,78.33333333333333,72.5,2022.0
Murandamo,2206.93,59.4,1.423,28.5,123.125,10.5,,,100.0,,,6.5,,7.5,,2022.0
Murandi,1994.2250000000001,47.25,0.93125,47.916666666666664,144.375,2.5,,286.0,,,,15.428571428571429,,10.777777777777779,,2022.0
Murubangye,2134.0545454545454,52.54545454545455,1.1545454545454545,64.0909090909091,120.5,,,75.0,,,,84.2,,19.285714285714285,,2022.0
Murubaya,2038.1499999999999,44.416666666666664,2.0658333333333334,51.666666666666664,182.91666666666666,,,,,,,5.791666666666667,,30.0,,2022.0
Murugarama,2186.2166666666667,50.5,1.1325,52.5,117.33333333333333,13.0,,,,,,6.083333333333333,,8.0,,2022.0
Muruhinga,1966.7272727272727,47.72727272727273,0.6946818181818182,25.181818181818183,148.16666666666666,8.0,,,,,,8.0,,4.75,,2022.0
Mushanje,2193.641666666667,48.75,1.7891666666666666,64.58333333333333,98.5,5.0,,,,66.66666666666667,,6.083333333333333,,5.75,,2022.0
Mushebeya,2035.8083333333334,50.083333333333336,0.39999999999999997,73.75,57.5,9.0,,,,,,3.8333333333333335,,2.4444444444444446,,2022.0
Mushongati,2205.225,60.25,0.6458333333333334,65.83333333333333,60.916666666666664,,,,,22.0,,4.375,,6.666666666666667,,2022.0
Mushunga_Bwanda,1631.2,61.333333333333336,0.975,27.599999999999998,45.25,,4.5,,,,,3.125,,86.66666666666667,58.4,2022.0
Musirwe,2075.5333333333333,47.083333333333336,1.0625,61.25,181.5,,,,,,,5.722222222222222,,17.0,43.333333333333336,2022.0
Mutaaba,2073.65,40.0,0.7524500000000001,35.0,105.75,,,,,,,,,,,2022.0
Muziku,2038.3384615384616,45.23076923076923,0.3423076923076923,78.07692307692308,94.16666666666667,,,,,,,2.5833333333333335,,7.75,,2022.0
Mwefuzo,1980.8454545454545,57.0,1.5409090909090908,26.272727272727273,256.6363636363636,,,,,,,13.0,,20.333333333333332,,2022.0
Mwizinga,1978.0166666666667,50.416666666666664,1.1916666666666667,28.083333333333332,287.0833333333333,17.0,,220.0,,,,,,30.0,,2022.0
Nabweyo,983.0666666666667,38.233333333333334,2.119565217391304,61.96666666666667,65.0,,13.2,,415.6470588235294,143.5,,,140.0,21.0,,2022.0
Nakawa,1028.7549999999999,47.8,1.2964285714285713,34.85,115.0,,,200.0,774.5454545454545,200.0,,,,10.25,,2022.0
Nakisenyi,1028.246875,50.75,1.330769230769231,82.28125,87.0,,24.833333333333332,,250.47619047619048,93.16666666666667,,43.0,41.0,40.833333333333336,,2022.0
Namirembe,1089.7833333333333,39.666666666666664,1.15625,39.583333333333336,,,,,,,,,,20.0,,2022.0
Namugongo A,1155.1583333333333,48.666666666666664,2.0,33.333333333333336,282.5,,,,241.25,,,,,10.0,0.0,2022.0
Namugongo B,1038.3,52.72727272727273,1.481818181818182,31.363636363636363,195.71428571428572,,3.6875,,320.0,,,5.25,166.66666666666666,38.888888888888886,33.333333333333336,2022.0
Namugongo C,1128.6499999999999,48.125,1.1375,62.5,164.75,,3.75,,196.14285714285714,,,2.6,60.75,36.0,125.0,2022.0
Namukoko,1047.9878787878788,47.60606060606061,1.3758064516129032,44.93939393939394,144.5,,4.5,,480.90909090909093,129.25,,11.75,,38.0,,2022.0
Nansohera_A,1037.9941176470588,46.23529411764706,1.0925925925925926,39.588235294117645,116.75,,13.0,,415.7142857142857,146.66666666666666,,8.333333333333334,,62.857142857142854,,2022.0
Nansohera_B,1045.7250000000001,46.166666666666664,1.011764705882353,76.25,34.0,,5.5,,396.0,238.5,,5.0,,57.5,,2022.0
Ncumbi,1311.95,54.833333333333336,1.55,35.0,96.81818181818181,6.58,9.76,,138.85714285714286,,,8.05,58.0,15.5,18.285714285714285,2022.0
Ndeeba_A,1096.5227272727273,44.27272727272727,0.9375,77.95454545454545,147.22222222222223,,,,137.27272727272728,,,3.0,300.0,46.0,31.875,2022.0
Ndeeba_B,1080.081818181818,41.27272727272727,1.1590909090909092,50.31818181818182,161.05,,10.0,,153.1578947368421,350.0,,,,29.416666666666668,34.0,2022.0
Ndeego,1977.8642857142856,40.42857142857143,1.4392857142857143,18.214285714285715,95.36363636363636,6.8125,,,,,,4.722222222222222,,,,2022.0
Ngasiire,2368.169230769231,48.0,1.1215384615384616,133.84615384615384,186.76923076923077,10.5,,,,,,5.8076923076923075,,12.666666666666666,,2022.0
Nkamba,1429.4299999999998,49.3,1.48525,36.2,71.9,,4.75,,41.0,,,4.666666666666667,,144.4,154.0,2022.0
Nkwenda,1482.4083333333335,43.916666666666664,4.098333333333334,30.416666666666668,91.5,,30.0,,58.333333333333336,80.0,,19.8,55.0,2.0,,2022.0
Ntaraga,1209.878846153846,46.69230769230769,0.6641025641025641,70.25641025641026,296.97727272727275,,,,353.3333333333333,,,,,,,2022.0
Ntungamo_Rurehe,1684.3466666666668,48.93333333333333,1.26,57.333333333333336,23.166666666666668,,,,,,,2.0,,78.33333333333333,53.6,2022.0
Nyabirehe_Kihembe,1117.6599999999999,49.63333333333333,1.4275862068965517,30.966666666666665,95.27586206896552,,2.0,83.0,91.25,180.0,,5.666666666666667,92.4,12.5,104.54545454545455,2022.0
Nyabubare_I,1097.8466666666668,50.3,1.3839285714285714,35.666666666666664,136.0,3.6,3.8333333333333335,,72.5,,,3.0,230.0,163.86206896551724,204.28571428571428,2022.0
Nyabubare_Ii,1087.23,50.4,1.02,47.333333333333336,102.19047619047619,,7.5,,70.0,,,13.0,179.66666666666666,94.12,705.5263157894736,2022.0
Nyabutembe,1666.1333333333332,57.083333333333336,1.8125,25.666666666666668,85.375,,,,,,,,,50.416666666666664,58.5,2022.0
Nyabwegyereka  B,1135.5416666666667,52.333333333333336,1.1608333333333334,39.166666666666664,226.33333333333334,,7.25,,250.0,,,5.2,131.25,40.0,37.57142857142857,2022.0
Nyabwegyereka_A,1173.94,51.7,1.6125,62.5,261.6666666666667,,,,,,,,,,152.0,2022.0
Nyabwenga,1309.0583333333334,44.333333333333336,0.3,32.916666666666664,169.0,7.55,,,277.5,,,,48.75,20.0,15.166666666666666,2022.0
Nyakabingo_A,1197.7181818181818,53.0,1.1136363636363635,44.54545454545455,313.2857142857143,,,,145.0,,,,,17.5,0.0,2022.0
Nyakabingo_B,1173.3583333333333,53.666666666666664,2.2083333333333335,47.916666666666664,250.8,7.0,30.0,,233.16666666666666,,,,135.0,55.166666666666664,0.0,2022.0
Nyakabungo_Kashasha,2109.525,53.916666666666664,0.9858333333333333,20.416666666666668,95.25,9.0,,,,83.0,,5.318181818181818,,7.0,,2022.0
Nyakagongo,1413.65,61.9,1.25,32.5,206.5,4.8,10.15,,219.66666666666666,,,,,10.333333333333334,10.5,2022.0
Nyakagorogoro,1987.2333333333333,51.583333333333336,0.9991666666666666,59.166666666666664,100.9090909090909,7.0,,,,,,5.0,,4.333333333333333,,2022.0
Nyakagyera,1179.0916666666665,48.708333333333336,1.4375,47.916666666666664,102.55,12.0,7.25,,44.0,60.0,,,56.25,61.0,112.0,2022.0
Nyakagyera_Iraramira,612.3249999999999,44.0,1.4008333333333332,57.333333333333336,71.6,,,,,,,2.0,,,,2022.0
Nyakahama,1306.3166666666666,47.083333333333336,2.0,50.0,103.71428571428571,,,,161.25,,,,,40.0,21.5,2022.0
Nyakaina,1146.625,43.583333333333336,0.5625,41.0,172.5,2.5,,,97.85714285714286,,,,,44.0,50.0,2022.0
Nyakanengo,842.8416666666667,49.833333333333336,0.75,51.25,110.3,,,,36.666666666666664,,,5.1,,38.18181818181818,81.42857142857143,2022.0
Nyakanengo_Kakari,1004.2444444444445,48.111111111111114,1.3583333333333334,28.88888888888889,158.1818181818182,,,,109.0,,,,,139.55555555555554,117.14285714285714,2022.0
Nyakarambi_I,1014.5684210526315,43.63157894736842,1.151388888888889,25.526315789473685,136.07692307692307,,2.0,,81.42857142857143,,,,,129.2941176470588,120.0,2022.0
Nyakarambi_Ii,1016.088888888889,47.074074074074076,1.2055555555555555,38.333333333333336,131.42857142857142,14.0,4.5,,67.28571428571429,,,,,77.8125,268.3333333333333,2022.0
Nyakasharara_Kihembe,1122.7066666666665,47.86666666666667,2.36551724137931,26.966666666666665,99.875,,8.555555555555555,,138.57142857142858,80.0,,,88.18181818181819,35.0,269.51851851851853,2022.0
Nyakashema_A,1158.1083333333333,36.75,1.2458333333333333,27.5,258.3333333333333,,,,,,,,,50.0,102.5,2022.0
Nyakashema_B,1174.375,53.333333333333336,1.3229166666666667,32.916666666666664,238.0,8.0,5.5,,352.5,,,7.0,,33.75,66.66666666666667,2022.0
Nyakasozi B,1181.9916666666666,52.083333333333336,2.2395833333333335,58.333333333333336,,,,,,,,,,,52.0,2022.0
Nyakatookye,1804.5833333333333,50.666666666666664,1.53125,71.91666666666667,76.875,,,,30.0,,,3.0,,72.5,51.875,2022.0
Nyakatooma_A,1011.1999999999999,48.333333333333336,1.0416666666666667,47.5,62.77777777777778,,,,,,,2.75,,38.285714285714285,5.833333333333333,2022.0
Nyakatooma_B,843.8153846153847,61.46153846153846,1.2523076923076923,48.46153846153846,127.77777777777777,,,,,80.0,,2.0,,50.833333333333336,91.0,2022.0
Nyakeina,1402.4416666666666,46.083333333333336,1.6416666666666666,57.083333333333336,41.0,,19.0,,58.166666666666664,49.5,,,,30.0,,2022.0
Nyakinengo,1687.3833333333332,46.25,1.25,35.0,177.5,,,,,115.0,,,,38.583333333333336,45.0,2022.0
Nyakishenyi,1959.69,44.7,0.889475,55.5,262.1111111111111,,,110.0,,,,8.75,,5.0,,2022.0
Nyakishojwa,1220.35,48.5,0.6816666666666666,51.25,64.28571428571429,,,30.0,,72.5,,9.0,23.0,31.428571428571427,60.5,2022.0
Nyamabare_Ikumba,2117.6846153846154,42.46153846153846,0.7686923076923077,83.07692307692308,92.27272727272727,6.0,,,,,,19.428571428571427,,9.0,,2022.0
Nyamatembe_Kacerere,2149.2083333333335,40.083333333333336,0.7873333333333333,21.25,152.33333333333334,3.0,,,,,,4.05,,12.5,20.0,2022.0
Nyameka,1157.375,44.333333333333336,1.0645833333333334,55.208333333333336,142.6,4.875,,,103.75,,,,170.0,145.83333333333334,166.95652173913044,2022.0
Nyamicucu_Mugyera,2333.0499999999997,59.666666666666664,0.8491666666666666,165.0,81.75,4.0,,120.0,,,,4.7,,7.0,,2022.0
Nyamirama_Rugarama,1095.4583333333333,47.75,1.3695652173913044,30.541666666666668,96.17647058823529,,27.125,,25.0,,,,280.0,45.0,213.33333333333334,2022.0
Nyamirambi,1307.1083333333333,46.75,1.7333333333333334,48.75,107.5,,30.0,,,,,13.0,17.5,62.4,212.85714285714286,2022.0
Nyamirima,1303.175,50.25,0.8958333333333334,48.75,113.36363636363636,25.0,7.8,,135.66666666666666,,,10.0,,12.0,,2022.0
Nyamitanga,773.9250000000001,43.75,3.7458333333333336,35.0,246.0,6.0,4.0,,82.0,110.0,,7.0,123.33333333333333,110.0,37.5,2022.0
Nyandongo_1A,1274.5125,41.166666666666664,0.6791666666666667,49.375,127.86666666666666,21.7,1.5,,138.83333333333334,,,4.0,60.0,78.4,58.0,2022.0
Nyandongo_1B,1307.8958333333333,47.5,1.0166666666666666,68.75,76.84210526315789,11.0,,,79.0,,,,,53.55555555555556,22.5,2022.0
Nyandongo_2,1273.1625000000001,46.083333333333336,0.84375,32.5,124.5625,13.25,4.25,,391.1111111111111,,,2.0,,77.35,167.5,2022.0
Nyandongo_3,1350.575,48.25,1.0208333333333333,54.458333333333336,122.22222222222223,14.428571428571429,,,177.33333333333334,,,,,145.91304347826087,150.0,2022.0
Nyarubambi_2,2060.0333333333333,48.5,2.0625,34.166666666666664,220.9090909090909,6.625,,151.66666666666666,,,,7.3,,29.0,,2022.0
Nyarubare,0.0,51.666666666666664,0.8770833333333333,25.416666666666668,156.66666666666666,,,,107.5,,,,60.0,48.57142857142857,132.5,2022.0
Nyarugaragara,1984.25,47.416666666666664,1.6666666666666667,51.666666666666664,188.33333333333334,10.5,,,,,,4.818181818181818,,8.333333333333334,,2022.0
Nyaruhanga,1103.4333333333334,47.666666666666664,1.3158333333333334,61.666666666666664,106.66666666666667,,3.6666666666666665,,110.0,,,3.6666666666666665,105.0,28.181818181818183,58.0,2022.0
Nyaruhanga_Kakari,992.885,51.95,1.01,19.65,143.6153846153846,10.5,,,225.0,,,,70.0,173.875,130.0,2022.0
Nyaruhita,1662.3416666666665,58.583333333333336,0.935,55.25,72.25,,,,,,,,,82.0,73.33333333333333,2022.0
Nyarurambi_1,2140.233333333333,52.5,1.1608333333333334,27.833333333333332,151.875,,,,,,,3.9285714285714284,,3.8,,2022.0
Nyarushija,2036.9666666666665,47.166666666666664,2.0733333333333333,24.166666666666668,208.08333333333334,9.2,,,,,,7.25,,8.25,,2022.0
Nyarutuntu,727.1750000000001,44.416666666666664,0.35916666666666663,61.25,34.8,,,,33.0,,,5.0,,60.0,45.666666666666664,2022.0
Nyaruzigati,1343.7250000000001,58.416666666666664,2.0908333333333333,42.083333333333336,186.58333333333334,13.5625,51.388888888888886,,233.63636363636363,,,7.279999999999999,47.5,25.818181818181817,34.8,2022.0
Nyaruzinga_A,898.4666666666667,38.25,0.7416666666666667,50.416666666666664,52.833333333333336,,,,,,,1.6666666666666667,20.0,16.333333333333332,70.0,2022.0
Nyaruzinga_B,1525.1916666666666,53.916666666666664,2.8766625,45.833333333333336,76.55555555555556,,,,,,,,,71.9090909090909,117.33333333333333,2022.0
Nyaruzinga_C,1495.3,53.416666666666664,3.0625,37.083333333333336,215.0,,,,,,,,,48.666666666666664,94.9,2022.0
Nyolo,1042.3272727272729,42.515151515151516,1.706551724137931,62.86363636363637,39.416666666666664,,42.833333333333336,80.0,171.75,115.0,,48.375,,22.181818181818183,,2022.0
Omububare,1402.25,47.666666666666664,0.9583333333333334,27.916666666666668,61.875,,3.0,,,,,1.4,,39.375,18.0,2022.0
Omukajagiro,1764.7250000000001,46.166666666666664,0.7908125,37.916666666666664,131.2,,,,75.0,,15.0,,,84.22222222222223,75.0,2022.0
Omumwino,1710.2749999999999,52.5,1.308125,46.666666666666664,62.0,,,,,,,,,65.0,52.5,2022.0
Omwibare,1680.0,49.583333333333336,0.9291666666666667,51.666666666666664,96.83333333333333,,3.75,,79.5,,,7.625,,69.58333333333333,61.0,2022.0
Quarters_A,2015.7083333333333,48.666666666666664,1.529,54.333333333333336,270.45454545454544,15.0,,,,,,15.875,,13.0,,2022.0
Quarters_B,2023.7599999999998,57.7,1.129,42.0,181.7,13.0,,,,,,5.1,,,,2022.0
Rubanga,1648.925,60.5,1.4316666666666666,41.25,90.0,,,,,,,,,,100.0,2022.0
Rubirizi,0.0,49.666666666666664,1.0816666666666668,59.166666666666664,62.0,,,,100.0,72.5,,,,58.0,,2022.0
Rubona,1567.8333333333333,38.833333333333336,1.8083333333333333,123.75,,,,,,,,18.5,,137.85714285714286,264.44444444444446,2022.0
Rugarama,1178.7133333333334,49.1,1.6189285714285713,25.866666666666667,104.68181818181819,,7.222222222222222,130.0,108.84615384615384,,,,78.85714285714286,30.0,189.0909090909091,2022.0
Rugarama_I,991.0291666666667,43.0,1.16875,24.375,123.92857142857143,,,105.0,443.6666666666667,,,,,94.77272727272727,65.0,2022.0
Rugarama_Rurehe,1261.6708333333333,48.541666666666664,0.8937499999999999,59.166666666666664,51.31578947368421,27.0,1.4,,15.0,,,8.375,56.5,43.57142857142857,39.75,2022.0
Rugarrama_Ii,1030.9125,48.375,0.8333333333333334,47.5,104.5909090909091,8.75,22.0,,235.71428571428572,37.5,,9.625,117.0,62.30769230769231,114.28571428571429,2022.0
Rugorogoro,1282.3500000000001,54.583333333333336,2.064583333333333,42.083333333333336,63.0,,5.0,,35.0,,,9.6,,61.083333333333336,95.55555555555556,2022.0
Ruhunga,1039.6464285714285,39.357142857142854,1.059090909090909,61.607142857142854,90.0,,6.5,,412.5,85.0,,9.5,,47.5,200.0,2022.0
Ruhungu,2033.6727272727273,44.18181818181818,0.5727272727272728,63.63636363636363,103.75,,,,,,,5.25,,14.4,0.5,2022.0
Rukarara,1095.6999999999998,41.38709677419355,1.5183333333333333,32.29032258064516,110.74074074074075,,3.0,176.0,96.22222222222223,121.33333333333333,,13.5,57.714285714285715,20.25,124.44444444444444,2022.0
Rukore_Kagunga,2137.2083333333335,46.0,0.7229166666666668,102.5,157.27272727272728,17.0,,323.3333333333333,50.0,,,5.833333333333333,,7.7,,2022.0
Rumbugu_A,1644.1583333333335,54.916666666666664,1.0374999999999999,68.33333333333333,137.5,,,,103.0,,,21.5,,87.5,51.25,2022.0
Rumbugu_B,1634.0249999999999,52.166666666666664,0.94,44.166666666666664,93.45454545454545,,3.2,,,105.0,,4.045454545454546,,53.333333333333336,130.0,2022.0
Runyinya_A,645.5916666666667,49.5,1.6812500000000001,43.75,110.0,,2.7,,120.0,,,4.9375,,55.166666666666664,107.91666666666667,2022.0
Runyinya_B,1556.9333333333334,55.166666666666664,1.5233333333333334,75.66666666666667,101.66666666666667,,,,,,,,,35.0,,2022.0
Rushayu,2434.9307692307693,38.07692307692308,0.6698461538461539,159.69230769230768,77.22222222222223,7.8999999999999995,,,,,,9.0,,6.0,,2022.0
Rusheeshe,1671.4363636363635,45.90909090909091,0.7881818181818182,21.454545454545453,74.44444444444444,,2.0,,54.333333333333336,125.0,,4.2,,126.66666666666667,162.0,2022.0
Rusheregyeyi_A,1535.625,52.666666666666664,1.325,95.0,119.6,,2.0,,,,,7.0,300.0,77.5,94.58333333333333,2022.0
Rusheregyeyi_B,1547.6000000000001,44.833333333333336,1.7916666666666667,73.75,107.85714285714286,,3.0,,,,,2.0,300.0,55.625,118.0,2022.0
Rusongora,911.8166666666666,57.666666666666664,1.3083333333333333,57.5,188.0,5.0,,,249.0,,,,,22.4,4.0,2022.0
Rusoro,1059.11,45.93333333333333,1.4293103448275863,48.0,116.0909090909091,12.0,3.5,,128.33333333333334,76.5,,,76.25,146.15384615384616,192.15384615384616,2022.0
Rutengyengyere,2212.75,45.833333333333336,1.2583333333333333,32.083333333333336,164.9,9.333333333333334,,,,,,7.0,,36.0,,2022.0
Rutondo,1046.0,46.583333333333336,1.4739583333333333,49.375,135.47619047619048,30.0,2.0,,642.5,,,,97.33333333333333,158.94117647058823,276.9230769230769,2022.0
Rutooma,1288.6823717948719,48.42628205128205,1.9158333333333333,43.84615384615385,161.06666666666666,,4.714285714285714,,304.44444444444446,75.0,,5.428571428571429,,94.07407407407408,54.44444444444444,2022.0
Rutooma_A,1360.5916666666667,50.833333333333336,1.4783333333333333,42.5,47.57142857142857,,2.3333333333333335,,,,,2.1666666666666665,,,20.0,2022.0
Rutooma_B_Rurehe,1581.925,56.833333333333336,1.825,28.5,137.66666666666666,,,,,,,,,55.0,67.42857142857143,2022.0
Rutooma_C,1430.5666666666666,49.333333333333336,1.1041666666666667,35.416666666666664,54.44444444444444,,,,,,,1.75,,48.75,40.4,2022.0
Rutooma_Kacerere,2120.4500000000003,51.583333333333336,1.09625,33.25,165.0,7.25,,,,,,19.0,,12.833333333333334,0.0,2022.0
Rutooro,1486.1833333333334,47.833333333333336,0.98,35.666666666666664,48.166666666666664,,2.0,,60.0,,,4.0,,179.33333333333334,74.4,2022.0
Rwabahundane,2213.3333333333335,52.666666666666664,0.5283333333333333,91.33333333333333,191.63636363636363,25.75,,,160.0,,,5.0,,8.0,,2022.0
Rwabituju,1052.7166666666667,39.75,1.3229166666666667,100.83333333333333,86.57142857142857,,,,38.5,,,,,0.0,0.0,2022.0
Rwaburegyera,2020.3166666666666,41.0,0.46249999999999997,50.416666666666664,126.0,,,,,,,4.7,,7.7272727272727275,,2022.0
Rwakaroro,2034.0583333333334,54.5,1.7625,32.5,111.44444444444444,,,140.0,,,,3.3,,9.833333333333334,,2022.0
Rwakituurwa,0.0,48.5,2.2729166666666667,37.5,77.9,,10.666666666666666,,62.2,,,10.1,,44.25,115.55555555555556,2022.0
Rwamahingura,1669.5333333333335,56.333333333333336,1.0708333333333333,19.583333333333332,135.83333333333334,,,,,,,4.75,,23.333333333333332,,2022.0
Rwamugomera,1289.4333333333334,47.166666666666664,0.9791666666666666,85.0,119.83333333333333,11.0,8.666666666666666,,158.41666666666666,,,13.022222222222222,,33.18181818181818,25.571428571428573,2022.0
Rwamureera,1270.0083333333334,59.0,1.5416666666666667,37.666666666666664,84.75,,,,,,,,,48.25,67.57142857142857,2022.0
Rwamusharira,582.6,49.833333333333336,0.9016666666666667,39.833333333333336,97.25,,,,,,,,,95.0,,2022.0
Rwanja,1630.125,49.166666666666664,0.815,39.166666666666664,65.0,,,,,,,2.0,,25.0,,2022.0
Rwanyabuzana,1521.0166666666667,52.0,1.6624999999999999,19.5,,,,,,,,,,35.0,4.0,2022.0
Rwaseyeza,2154.627272727273,51.81818181818182,1.209090909090909,127.72727272727273,139.44444444444446,9.5,,,,,,14.0,,,,2022.0
Rwemicheka,1055.6433333333332,45.4,1.28,30.833333333333332,128.23809523809524,,5.375,,110.0,,,,110.0,118.5,142.5,2022.0
Rwengoha,1561.4333333333334,35.416666666666664,0.8958333333333334,32.083333333333336,116.25,,,,475.0,,,,,54.083333333333336,0.0,2022.0
Rwenkuba,794.475,49.5,1.6083333333333334,44.583333333333336,100.375,,5.3,,45.44444444444444,,,9.363636363636363,,50.0,104.0,2022.0
Rwonyo,1693.625,45.75,1.25,25.583333333333332,172.5,,,,,175.0,,,,48.5,43.0,2022.0
Ryakashara,2025.0333333333335,58.0,1.1541666666666668,36.666666666666664,304.1666666666667,20.0,,226.66666666666666,,,,10.0,,12.428571428571429,,2022.0
Sayuni,1364.9333333333334,49.5,2.6125000000000003,64.16666666666667,128.5,23.200000000000003,15.0,,248.1,,,33.233333333333334,,17.5,6.5,2022.0
Shebeya_1,2327.48,54.0,0.32,142.2,83.0,6.0,,,,,,3.1,,2.6666666666666665,,2022.0
Shebeya_2,2331.836363636364,52.45454545454545,0.4065,166.36363636363637,104.33333333333333,,,,,,,9.0,,,,2022.0
Shogashoga,141.04166666666666,49.25,1.14625,26.416666666666668,63.8,,,,,,,3.5,,75.71428571428571,36.0,2022.0
Wamusuta,1052.4266666666667,43.63333333333333,1.5185185185185186,28.966666666666665,23.0,,24.857142857142858,,161.3913043478261,115.0,,9.5,,63.875,,2022.0
Yorodani A,1150.4583333333333,43.833333333333336,1.3125,71.66666666666667,326.4,,,,241.6,,,,,10.0,0.0,2022.0
