garlic_kgs_organic_pesticides,ginger_kgs_organic_pesticides,plastic_tanks_120_ltrs_liquid_manure,sacks_liquid_manure,hoes_tools,spades_tools,pick_axes_tools,forked_hoes_tools,pangas_tools,wheelbarrows_tools,trowels_tools,watering_cans_tools,spray_pumps_tools,Beans_seeds,Maize_seeds,Soyabean_seeds,Gnuts_seeds,Irish Potatoes_seeds,GPS-Altitude,Land_size_agriculture,Time_to_collect_Water_for_Household_use_Minutes,Beans_total_yield,Cassava_total_yield,Maize_total_yield,Sweet_potatoes_total_yield,Food_banana_total_yield,Coffee_total_yield
0.356687898,0.356687898,0.050955414,0.101910828,0.038216561,0.038216561,0.025477707,0.025477707,0.038216561,0.025477707,0.025477707,0.025477707,0.025477707,3.0,3.0,3.0,0.0,0.0,1028.6911764705883,0.7177083333333334,77.6470588235294,55.0,5.4,431.3684210526316,0.0,40.8,190.0
0.365217391,0.365217391,0.069565217,0.139130435,0.104347826,0.104347826,0.12173913,0.12173913,0.104347826,0.034782609,0.0,0.104347826,0.139130435,3.0,3.0,3.0,3.0,0.0,1340.9583333333333,1.0717391304347823,67.08333333333333,95.3157894736842,3.0,122.5,0.0,64.16666666666667,40.55555555555556
0.5,0.5,0.04040404,0.04040404,0.224719101,0.187265918,0.0,0.0,0.04040404,0.0,0.0,0.0,0.0,4.0,0.0,4.0,4.0,0.0,1659.2083333333333,1.1875,25.0,81.25,0.0,0.0,0.0,37.5,0.0
0.5,0.5,0.037735849,0.075471698,0.120378332,0.120378332,0.120378332,0.120378332,0.120378332,0.075471698,0.0,0.113207547,0.075471698,4.0,3.0,0.0,4.0,0.0,1157.909090909091,1.0738636363636365,34.09090909090909,51.333333333333336,0.0,0.0,7.0,53.333333333333336,162.44444444444446
0.0,0.0,0.036697248,0.036697248,0.177865613,0.177865613,0.118577075,0.158102767,0.0,0.0,0.0,0.201834862,0.055045872,4.0,2.0,0.0,4.0,0.0,1346.5833333333333,2.7583333333333337,25.0,133.0,130.0,60.333333333333336,9.0,274.6666666666667,55.16666666666666
0.5,0.5,0.045454545,0.045454545,0.233918129,0.116959064,0.116959064,0.116959064,0.045454545,0.045454545,0.0,0.272727273,0.068181818,3.0,0.0,0.0,3.0,0.0,1428.090909090909,3.7136363636363634,125.45454545454544,131.66666666666666,10.0,120.0,14.0,161.77777777777777,151.25
0.0,0.0,0.047337278,0.01183432,0.342857143,0.285714286,0.142857143,0.0,0.0,0.0,0.0,0.171428571,0.035502959,3.0,0.0,0.0,0.0,0.0,0.0,0.0,0.0,0.0,0.0,0.0,0.0,0.0,0.0
0.0,0.0,0.076923077,0.076923077,0.194741967,0.194741967,0.0,0.126582279,0.0,0.038461538,0.0,0.303797468,0.0,3.0,0.0,0.0,0.0,0.0,0.0,1.1875,33.333333333333336,44.5,0.0,0.0,7.0,56.0,0.0
0.357142857,0.357142857,0.028571429,0.028571429,0.057142857,0.042857143,0.028571429,0.028571429,0.042857143,0.028571429,0.0,0.042857143,0.028571429,3.0,3.0,3.0,3.0,0.0,1671.4363636363637,0.7881818181818182,21.454545454545453,74.44444444444444,2.0,54.333333333333336,4.2,126.66666666666669,162.0
0.0,0.0,0.025477707,0.025477707,0.177865613,0.177865613,0.118577075,0.158102767,0.0,0.0,0.0,0.203821656,0.038216561,4.0,2.0,0.0,4.0,0.0,1364.6666666666667,1.77825,33.75,52.57142857142857,0.0,60.0,0.0,2.75,0.0
0.361702128,0.361702128,0.042553191,0.170212766,0.085106383,0.042553191,0.042553191,0.042553191,0.042553191,0.042553191,0.0,0.042553191,0.042553191,3.0,3.0,3.0,3.0,0.0,1048.2125,0.9291666666666668,31.041666666666668,123.8,4.0,122.5,5.0,64.6842105263158,165.34375
0.353211009,0.353211009,0.036697248,0.036697248,0.109039782,0.109039782,0.109039782,0.109039782,0.109039782,0.036697248,0.0,0.110091743,0.036697248,3.0,2.0,0.0,3.0,0.0,1438.3636363636365,0.5681818181818182,53.63636363636363,56.85714285714285,2.0,75.0,3.375,29.5,9.0
0.368421053,0.368421053,0.070175439,0.140350877,0.035087719,0.035087719,0.035087719,0.035087719,0.035087719,0.035087719,0.035087719,0.035087719,0.035087719,3.0,3.0,0.0,0.0,0.0,2022.0333333333333,1.6208333333333331,37.75,240.41666666666663,0.0,0.0,4.363663261689577,30.0,0.0
0.36875,0.36875,0.05,0.05,0.091671846,0.091671846,0.091671846,0.091671846,0.091671846,0.05,0.1,0.1,0.05,4.0,4.0,0.0,4.0,0.0,1475.0,1.681,80.0,345.0,2.0,1300.0,3.0,73.66666666666667,150.0
0.25,0.25,0.055555556,0.055555556,0.172711572,0.172711572,0.172711572,0.172711572,0.0,0.0,0.0,0.25,0.055555556,4.0,3.0,0.0,3.0,0.0,1461.0,1.209375,33.875,80.0,0.0,23.0,0.0,33.6,47.2
0.35483871,0.35483871,0.064516129,0.129032258,0.048387097,0.032258065,0.032258065,0.032258065,0.032258065,0.032258065,0.024193548,0.032258065,0.032258065,3.0,0.0,3.0,3.0,0.0,1270.0083333333334,1.5416666666666667,37.66666666666666,84.75,0.0,0.0,0.0,48.25,67.57142857142857
0.362573099,0.362573099,0.070175439,0.093567251,0.070175439,0.070175439,0.035087719,0.070175439,0.035087719,0.023391813,0.070175439,0.070175439,0.023391813,3.0,3.0,0.0,0.0,0.0,2120.4500000000003,1.09625,33.25,165.0,0.0,0.0,19.0,12.833333333333334,0.0
0.0,0.0,0.056872038,0.227488152,0.101376182,0.101376182,0.101376182,0.101376182,0.101376182,0.018957346,0.0,0.101376182,0.0,3.0,3.0,0.0,0.0,0.0,1989.69,0.98,42.5,90.71428571428572,0.0,0.0,6.9,12.5,0.0
0.5,0.5,0.070175439,0.070175439,0.224719101,0.187265918,0.0,0.0,0.070175439,0.0,0.0,0.0,0.0,4.0,0.0,4.0,4.0,0.0,0.0,0.8250000000000001,14.583333333333334,75.4,0.0,60.0,9.0,81.42857142857143,75.0
0.35862069,0.35862069,0.055172414,0.110344828,0.068965517,0.068965517,0.04137931,0.068965517,0.04137931,0.027586207,0.068965517,0.068965517,0.027586207,3.0,3.0,0.0,0.0,0.0,2238.4500000000003,0.5208333333333334,64.16666666666667,131.41666666666666,0.0,0.0,4.6875,16.5,22.0
0.375,0.375,0.0,0.041666667,0.097783572,0.097783572,0.097783572,0.097783572,0.097783572,0.041666667,0.0,0.097783572,0.0,3.0,0.0,3.0,3.0,0.0,1775.45,0.6875,29.166666666666668,146.66666666666666,0.0,0.0,0.0,41.875,50.0
0.5,0.5,0.019230769,0.038461538,0.168954593,0.168954593,0.168954593,0.168954593,0.105596621,0.038461538,0.0,0.173076923,0.038461538,4.0,0.0,3.0,3.0,0.0,1151.875,1.75,83.125,46.75,2.6666666666666665,0.0,2.75,68.75,90.0
0.355140187,0.355140187,0.024922118,0.049844237,0.068535826,0.068535826,0.068535826,0.049844237,0.049844237,0.012461059,0.037383178,0.068535826,0.012461059,3.0,3.0,0.0,3.0,0.0,1461.8666666666668,0.5750000000000001,90.0,191.0,20.0,250.0,0.0,60.0,82.4
0.357142857,0.357142857,0.035714286,0.071428571,0.035714286,0.035714286,0.035714286,0.035714286,0.035714286,0.017857143,0.035714286,0.044642857,0.017857143,3.0,3.0,0.0,3.0,0.0,1429.4299999999998,1.48525,36.2,71.9,4.75,41.0,4.666666666666667,144.4,154.0
0.356060606,0.356060606,0.03030303,0.060606061,0.068181818,0.068181818,0.068181818,0.053030303,0.053030303,0.015151515,0.037878788,0.068181818,0.015151515,3.0,3.0,0.0,3.0,0.0,1299.5,1.5375,17.166666666666668,46.57142857142857,114.5,202.0,3.75,47.833333333333336,116.5
0.5,0.5,0.0125,0.025,0.120378332,0.120378332,0.120378332,0.120378332,0.120378332,0.025,0.0,0.125,0.025,4.0,3.0,0.0,4.0,0.0,581.25,0.6333333333333333,39.16666666666666,110.5,3.0,0.0,10.0,19.875,1.7142857142857142
0.103321033,0.103321033,0.029520295,0.05904059,0.014760148,0.009594096,0.009594096,0.009594096,0.009594096,0.014760148,0.007380074,0.009594096,0.014760148,3.0,0.0,3.0,3.0,0.0,579.4,1.3208333333333333,63.75,81.36363636363636,3.25,0.0,6.454545454545454,44.5,77.72727272727273
0.5,0.5,0.020408163,0.040816327,0.120378332,0.120378332,0.120378332,0.120378332,0.120378332,0.040816327,0.0,0.12244898,0.040816327,4.0,3.0,0.0,4.0,0.0,562.0833333333334,0.5023333333333334,77.5,76.25,0.0,0.0,3.25,37.142857142857146,81.11111111111111
0.350515464,0.350515464,0.082474227,0.164948454,0.082474227,0.041237113,0.041237113,0.020618557,0.041237113,0.082474227,0.020618557,0.06185567,0.082474227,3.0,3.0,3.0,3.0,0.0,1028.246875,1.330769230769231,82.28125,87.0,24.83333333333333,250.47619047619048,4.363663261689577,40.833333333333336,0.0
0.0,0.0,0.051948052,0.051948052,0.0,0.0,0.0,0.0,0.0,0.0,0.0,0.0,0.0,4.0,0.0,4.0,3.0,0.0,0.0,1.05,91.0909090909091,110.1818181818182,4.25,78.57142857142857,6.85,160.0,231.66666666666663
0.356435644,0.356435644,0.03960396,0.03960396,0.059405941,0.03960396,0.01980198,0.01980198,0.03960396,0.03960396,0.0,0.03960396,0.03960396,3.0,3.0,3.0,3.0,0.0,1653.675,1.5458333333333334,30.83333333333333,145.0,0.0,0.0,4.363663261689577,55.0,45.875
0.377659574,0.377659574,0.021276596,0.021276596,0.09388678,0.09388678,0.09388678,0.09388678,0.09388678,0.021276596,0.095744681,0.095744681,0.021276596,4.0,4.0,0.0,4.0,0.0,1361.7857142857142,1.8360714285714288,44.642857142857146,424.22222222222223,0.0,1300.0,10.0,90.0,66.0
0.362781955,0.362781955,0.015037594,0.015037594,0.09018818,0.09018818,0.09018818,0.09018818,0.09018818,0.015037594,0.090225564,0.090225564,0.015037594,4.0,4.0,0.0,4.0,0.0,1398.0,1.9458333333333333,42.583333333333336,295.55555555555554,11.0,1300.0,0.0,28.4,33.333333333333336
0.0,0.0,0.068965517,0.068965517,0.177865613,0.177865613,0.118577075,0.158102767,0.0,0.0,0.0,0.206896552,0.103448276,4.0,2.0,0.0,4.0,0.0,1259.5833333333333,0.9116666666666666,66.25,49.77777777777778,11.0,0.0,11.5,70.71428571428571,159.0
0.36036036,0.36036036,0.072072072,0.144144144,0.018018018,0.018018018,0.018018018,0.018018018,0.018018018,0.036036036,0.018018018,0.036036036,0.036036036,3.0,3.0,0.0,0.0,0.0,2026.975,1.0,50.25,158.0,0.0,0.0,3.928571428571429,25.0,0.0
0.2042780748,0.2042780748,0.041472071,0.0457501457999999,0.222826087,0.176042461,0.0919388468,0.1172553024,0.0124031008,0.0269375857999999,0.0,0.2793392719999999,0.0314388756,3.4,0.0,0.0,3.5,0.0,1521.95,1.224375,36.0,91.64285714285714,0.0,190.0,6.2,110.66666666666669,79.5
0.5,0.5,0.038834951,0.038834951,0.224719101,0.187265918,0.0,0.0,0.038834951,0.0,0.0,0.0,0.0,4.0,0.0,4.0,4.0,0.0,1754.8666666666668,0.4688333333333332,15.416666666666666,95.28571428571428,0.0,360.0,10.5,22.75,200.0
0.356589147,0.356589147,0.062015504,0.124031008,0.031007752,0.031007752,0.031007752,0.031007752,0.031007752,0.031007752,0.031007752,0.031007752,0.031007752,3.0,3.0,0.0,0.0,0.0,2039.65,0.7166666666666668,49.583333333333336,116.1,0.0,0.0,6.125,32.666666666666664,0.0
0.352250489,0.352250489,0.015655577,0.031311155,0.070450098,0.070450098,0.070450098,0.054794521,0.054794521,0.015655577,0.039138943,0.070450098,0.007827789,4.0,4.0,0.0,4.0,0.0,1095.6999999999998,1.518333333333333,32.29032258064516,110.74074074074076,3.0,96.22222222222224,13.5,20.25,124.44444444444444
0.356353591,0.356353591,0.022099448,0.022099448,0.099540109,0.099540109,0.099540109,0.099540109,0.099540109,0.022099448,0.099447514,0.099447514,0.022099448,4.0,3.0,0.0,4.0,0.0,1341.5833333333333,2.9575,44.16666666666666,375.0,0.0,1300.0,0.0,66.0,87.5
0.38961039,0.38961039,0.0,0.051948052,0.101593322,0.101593322,0.101593322,0.101593322,0.101593322,0.051948052,0.0,0.101593322,0.0,3.0,0.0,3.0,3.0,0.0,0.0,0.6,50.8,88.66666666666667,0.0,20.0,0.0,69.5,75.0
0.5,0.5,0.031746032,0.063492063,0.120378332,0.120378332,0.120378332,0.120378332,0.120378332,0.063492063,0.0,0.126984127,0.063492063,4.0,3.0,0.0,4.0,0.0,1141.0,1.0936363636363635,64.9090909090909,84.0,0.0,0.0,3.0,0.0,75.0
0.363128492,0.363128492,0.067039106,0.07394684739244604,0.118186653,0.118186653,0.118186653,0.118186653,0.118186653,0.022346369,0.0,0.118186653,0.0,4.0,4.0,0.0,0.0,0.0,1905.55,1.3455,88.33333333333333,153.11111111111111,0.0,0.0,7.857142857142857,23.33333333333333,0.0
0.038461538,0.038461538,0.038461538,0.038461538,0.288461538,0.192307692,0.096153846,0.096153846,0.096153846,0.019230769,0.0,0.288461538,0.0,3.0,0.0,0.0,3.0,0.0,0.0,0.0,0.0,0.0,0.0,0.0,0.0,0.0,0.0
0.0,0.0,0.048192771,0.048192771,0.183326968,0.183326968,0.183326968,0.183326968,0.0,0.024096386,0.0,0.0,0.0,4.0,0.0,4.0,3.0,0.0,1864.7666666666669,1.0560416666666663,86.5,151.375,0.0,70.0,7.0,78.33333333333333,70.0
0.5,0.5,0.039215686,0.039215686,0.224719101,0.187265918,0.0,0.0,0.039215686,0.0,0.0,0.0,0.0,4.0,0.0,4.0,4.0,0.0,883.6083333333332,0.6458333333333334,35.0,123.5,0.0,90.0,0.0,61.36363636363637,50.0
0.0,0.0,0.028985507,0.028985507,0.098456956,0.098456956,0.098456956,0.098456956,0.098456956,0.028985507,0.098456956,0.0,0.0,3.0,0.0,3.0,3.0,0.0,1526.5166666666669,1.3458333333333332,48.333333333333336,135.0,3.75,60.0,15.0,114.71428571428572,30.0
0.0,0.0,0.076923077,0.076923077,0.177865613,0.177865613,0.118577075,0.158102767,0.0,0.0,0.0,0.192307692,0.115384615,4.0,2.0,0.0,4.0,0.0,1346.5,1.4541666666666666,39.583333333333336,47.7,4.0,365.0,3.25,116.44444444444444,87.77777777777777
0.5,0.5,0.063492063,0.063492063,0.224719101,0.187265918,0.0,0.0,0.063492063,0.0,0.0,0.0,0.0,4.0,0.0,4.0,4.0,0.0,1458.9583333333333,0.8541666666666666,25.83333333333333,129.75,0.0,7.0,2.0,49.0,44.0
0.359375,0.359375,0.0625,0.125,0.03125,0.03125,0.03125,0.03125,0.03125,0.03125,0.03125,0.03125,0.03125,3.0,3.0,3.0,3.0,0.0,1055.2821428571428,1.608,88.42857142857143,61.25,42.0,322.0,4.363663261689577,11.444444444444445,0.0
0.358974359,0.358974359,0.102564103,0.07394684739244604,0.051282051,0.051282051,0.051282051,0.051282051,0.051282051,0.051282051,0.051282051,0.051282051,0.102564103,3.0,3.0,0.0,0.0,0.0,2137.208333333333,0.7229166666666668,102.5,157.27272727272728,0.0,50.0,5.833333333333333,7.7,0.0
0.341614907,0.341614907,0.02484472,0.02484472,0.095423158,0.095423158,0.095423158,0.095423158,0.095423158,0.02484472,0.099378882,0.099378882,0.02484472,4.0,3.0,0.0,4.0,0.0,1299.6363636363635,1.6054545454545457,42.72727272727273,400.7142857142857,10.0,1300.0,0.0,26.666666666666668,5.0
0.357142857,0.357142857,0.131868132,0.07394684739244604,0.116238521,0.116238521,0.116238521,0.116238521,0.116238521,0.043956044,0.0,0.116238521,0.0,4.0,4.0,0.0,0.0,0.0,2007.9,0.1958333333333333,78.08333333333333,141.75,0.0,0.0,4.363663261689577,40.0,0.0
0.2042780748,0.2042780748,0.041472071,0.0457501457999999,0.222826087,0.176042461,0.0919388468,0.1172553024,0.0124031008,0.0269375857999999,0.0,0.2793392719999999,0.0314388756,3.4,0.0,0.0,3.5,0.0,1259.9875000000002,1.6906249999999998,37.5,105.0,0.0,0.0,8.0,135.71428571428572,30.0
0.0,0.0,0.028571429,0.057142857,0.167064439,0.119331742,0.119331742,0.119331742,0.0,0.028571429,0.0,0.190930788,0.0,4.0,0.0,2.0,4.0,0.0,1410.475,1.2083333333333333,44.0,50.90909090909091,1.0,0.0,1.7,36.0,1.8
0.363636364,0.363636364,0.072727273,0.07394684739244604,0.072727273,0.036363636,0.036363636,0.036363636,0.036363636,0.036363636,0.036363636,0.036363636,0.072727273,3.0,3.0,0.0,0.0,0.0,2095.2727272727275,1.554545454545455,75.0,92.54545454545456,0.0,0.0,6.0,6.6,0.0
0.5,0.5,0.021052632,0.042105263,0.168954593,0.168954593,0.168954593,0.168954593,0.105596621,0.042105263,0.0,0.168421053,0.042105263,4.0,0.0,3.0,3.0,0.0,606.2727272727273,0.8863636363636364,39.09090909090909,68.75,3.5,0.0,3.0,0.0,4.8
0.357894737,0.357894737,0.084210526,0.168421053,0.063157895,0.042105263,0.042105263,0.042105263,0.063157895,0.042105263,0.084210526,0.042105263,0.063157895,3.0,3.0,3.0,0.0,0.0,1042.6541666666667,0.6547619047619048,51.5,68.8,7.25,394.8421052631579,3.8333333333333335,11.625,160.0
0.357798165,0.357798165,0.036697248,0.073394495,0.128440367,0.110091743,0.091743119,0.110091743,0.165137615,0.055045872,0.036697248,0.146788991,0.055045872,4.0,4.0,4.0,4.0,0.0,1459.3,0.88,37.1,135.72,0.0,314.7647058823529,17.333333333333332,72.9047619047619,117.91666666666669
0.353658537,0.353658537,0.048780488,0.097560976,0.036585366,0.036585366,0.036585366,0.036585366,0.036585366,0.024390244,0.036585366,0.048780488,0.024390244,3.0,3.0,0.0,3.0,0.0,1288.682371794872,1.9158333333333333,43.84615384615385,161.06666666666666,4.714285714285714,304.44444444444446,5.428571428571429,94.07407407407408,54.44444444444444
0.361702128,0.361702128,0.085106383,0.170212766,0.085106383,0.042553191,0.021276596,0.021276596,0.042553191,0.021276596,0.042553191,0.042553191,0.021276596,3.0,3.0,3.0,0.0,0.0,1039.6464285714285,1.059090909090909,61.60714285714285,90.0,6.5,412.5,9.5,47.5,200.0
0.339622642,0.339622642,0.150943396,0.07394684739244604,0.037735849,0.037735849,0.037735849,0.037735849,0.037735849,0.075471698,0.037735849,0.037735849,0.075471698,3.0,3.0,0.0,0.0,0.0,2034.925,1.60625,40.0,189.0,0.0,0.0,10.333333333333334,20.0,0.0
0.25,0.25,0.0579072755,0.0579072755,0.2402467355,0.181767203,0.147520628,0.147520628,0.0392156865,0.048561481,0.0,0.2742412035,0.0588235295,3.0,0.0,3.0,3.0,0.0,1824.6333333333332,0.925,22.58333333333333,0.0,0.0,0.0,4.363663261689577,36.27272727272727,0.0
0.710743802,0.710743802,0.066115702,0.132231405,0.115702479,0.115702479,0.099173554,0.099173554,0.099173554,0.082644628,0.099173554,0.132231405,0.033057851,4.0,4.0,4.0,0.0,0.0,1010.7041666666668,1.1434782608695653,15.041666666666666,234.11764705882356,7.0,199.0,0.0,223.25,218.57142857142856
0.363636364,0.363636364,0.036363636,0.036363636,0.054545455,0.036363636,0.018181818,0.018181818,0.036363636,0.036363636,0.0,0.036363636,0.036363636,3.0,3.0,3.0,3.0,0.0,1680.0,0.9291666666666668,51.66666666666666,96.83333333333331,3.75,79.5,7.625,69.58333333333333,61.0
0.037735849,0.037735849,0.0734501345,0.0734501345,0.4063065389999999,0.3119669165,0.1833807184999999,0.1833807184999999,0.0943396225,0.0367250675,0.0,0.4200051695,0.0,3.0,0.0,3.0,3.0,0.0,0.0,0.6575,32.5,104.125,3.0,0.0,7.285714285714286,61.3,4.0
0.0,0.0,0.069364162,0.07394684739244604,0.098142252,0.098142252,0.098142252,0.098142252,0.098142252,0.023121387,0.0,0.098142252,0.0,3.0,3.0,0.0,0.0,0.0,2394.3250000000003,0.9479166666666666,280.8333333333333,180.375,0.0,0.0,4.363663261689577,10.0,0.0
0.358695652,0.358695652,0.043478261,0.086956522,0.130434783,0.108695652,0.086956522,0.108695652,0.163043478,0.065217391,0.032608696,0.152173913,0.065217391,4.0,4.0,4.0,4.0,0.0,1311.3875,1.1238095238095238,24.791666666666668,108.0,7.0,138.33333333333334,0.0,178.45,154.58333333333334
0.3574938574999999,0.3574938574999999,0.0674310675,0.188916189,0.0522795525,0.0306852305,0.0306852305,0.0306852305,0.0306852305,0.0472290469999999,0.012121212,0.044198744,0.0472290469999999,3.0,3.0,3.0,3.0,0.0,1179.0916666666665,1.4375,47.91666666666666,102.55,7.25,44.0,0.0,61.0,112.0
0.009009009,0.009009009,0.054054054,0.054054054,0.221975583,0.144144144,0.09009009,0.0,0.09009009,0.036036036,0.0,0.177580466,0.0,3.0,0.0,0.0,4.0,0.0,0.0,0.0,0.0,0.0,0.0,0.0,0.0,0.0,0.0
0.0,0.0,0.031746032,0.031746032,0.10124575,0.10124575,0.10124575,0.10124575,0.0,0.015873016,0.0,0.0,0.0,4.0,0.0,4.0,3.0,0.0,1047.6888888888889,2.572222222222222,69.44444444444444,139.83333333333334,0.0,91.0,11.0,145.5,220.0
0.358381503,0.358381503,0.046242775,0.092485549,0.069364162,0.069364162,0.069364162,0.057803468,0.057803468,0.046242775,0.034682081,0.069364162,0.023121387,4.0,4.0,0.0,4.0,0.0,1123.05,2.035,34.833333333333336,95.55172413793105,6.181818181818182,110.9090909090909,7.666666666666667,27.818181818181817,230.74074074074076
0.024691358,0.024691358,0.049382716,0.074074074,0.225776105,0.225776105,0.112888053,0.112888053,0.0,0.024691358,0.0,0.271604938,0.074074074,4.0,0.0,0.0,4.0,0.0,1580.4,1.2950000000000002,48.5,83.75,11.0,0.0,0.0,177.0,50.0
0.350515464,0.350515464,0.041237113,0.082474227,0.072164948,0.041237113,0.041237113,0.030927835,0.041237113,0.041237113,0.030927835,0.051546392,0.041237113,3.0,3.0,3.0,3.0,0.0,1042.3272727272729,1.706551724137931,62.86363636363637,39.41666666666666,42.833333333333336,171.75,4.363663261689577,22.181818181818183,0.0
0.364197531,0.364197531,0.049382716,0.049382716,0.112431432,0.112431432,0.112431432,0.112431432,0.112431432,0.049382716,0.0,0.12345679,0.049382716,3.0,2.0,0.0,3.0,0.0,922.0,2.230555555555556,36.11111111111112,85.75,2.5,0.0,6.833333333333333,58.333333333333336,47.0
0.354166667,0.354166667,0.0625,0.166666667,0.0625,0.041666667,0.041666667,0.041666667,0.041666667,0.041666667,0.041666667,0.020833333,0.041666667,3.0,3.0,0.0,0.0,0.0,1995.22,0.845,24.0,75.3,0.0,0.0,13.375,17.88888888888889,0.0
0.25,0.25,0.050632911,0.050632911,0.185430464,0.185430464,0.185430464,0.185430464,0.0,0.0,0.0,0.17721519,0.050632911,5.0,4.0,0.0,5.0,0.0,1388.4545454545455,2.161363636363636,22.0,274.375,11.0,1300.0,0.0,24.0,5.0
0.35483871,0.35483871,0.129032258,0.07394684739244604,0.032258065,0.032258065,0.032258065,0.032258065,0.032258065,0.064516129,0.032258065,0.032258065,0.064516129,3.0,3.0,0.0,0.0,0.0,1964.5083333333328,1.3666666666666665,27.166666666666668,150.9090909090909,0.0,0.0,4.35,9.5,0.0
0.358208955,0.358208955,0.059701493,0.23880597,0.059701493,0.029850746,0.029850746,0.029850746,0.029850746,0.029850746,0.029850746,0.029850746,0.059701493,3.0,3.0,0.0,0.0,0.0,2015.4166666666667,2.0166666666666666,58.75,172.83333333333334,0.0,0.0,4.95,3.0,0.0
0.366666667,0.366666667,0.066666667,0.07394684739244604,0.066666667,0.033333333,0.033333333,0.033333333,0.033333333,0.033333333,0.033333333,0.033333333,0.066666667,3.0,3.0,0.0,0.0,0.0,2073.65,0.7524500000000001,35.0,105.75,0.0,0.0,0.0,0.0,0.0
0.0,0.0,0.039215686,0.078431373,0.143626571,0.143626571,0.143626571,0.143626571,0.0,0.039215686,0.0,0.170556553,0.0,4.0,2.0,0.0,4.0,0.0,571.1500000000001,0.9791666666666666,62.5,81.66666666666667,0.0,0.0,2.0,42.5,147.14285714285714
0.02739726,0.02739726,0.054794521,0.082191781,0.225776105,0.225776105,0.112888053,0.112888053,0.0,0.02739726,0.0,0.273972603,0.082191781,4.0,0.0,0.0,4.0,0.0,1488.5,1.96875,17.5,90.75,0.0,77.5,5.375,235.7142857142857,23.25
0.0,0.0,0.0,0.0,0.140350877,0.140350877,0.140350877,0.140350877,0.0,0.029850746,0.0,0.187134503,0.029850746,4.0,0.0,4.0,3.0,0.0,1597.2166666666665,1.06183125,64.16666666666667,97.875,0.0,0.0,3.0,84.22222222222223,67.5
0.008403361,0.008403361,0.050420168,0.050420168,0.221975583,0.13318535,0.084033613,0.0,0.084033613,0.033613445,0.0,0.168067227,0.0,3.0,0.0,0.0,4.0,0.0,0.0,0.0,0.0,0.0,0.0,0.0,0.0,0.0,0.0
0.361538462,0.361538462,0.030769231,0.061538462,0.069230769,0.069230769,0.069230769,0.053846154,0.053846154,0.030769231,0.038461538,0.069230769,0.015384615,4.0,4.0,0.0,4.0,0.0,1103.2,1.4017241379310343,26.766666666666666,119.0,11.22222222222222,116.4,4.363663261689577,28.33333333333333,188.07142857142856
0.354679803,0.354679803,0.039408867,0.078817734,0.02955665,0.02955665,0.02955665,0.02955665,0.02955665,0.019704433,0.02955665,0.039408867,0.019704433,3.0,3.0,0.0,0.0,0.0,2087.7583333333337,1.7208333333333332,44.16666666666666,186.58333333333331,0.0,0.0,5.375,29.0,0.0
0.0,0.0,0.051282051,0.051282051,0.248281977,0.248281977,0.248281977,0.248281977,0.0,0.025641026,0.0,0.0,0.0,4.0,0.0,4.0,3.0,0.0,1845.3583333333331,1.8316666666666668,62.5,159.22222222222223,3.0,97.25,9.5,91.25,100.0
0.351351351,0.351351351,0.054054054,0.108108108,0.108108108,0.094594595,0.121621622,0.121621622,0.094594595,0.027027027,0.0,0.108108108,0.135135135,3.0,3.0,3.0,3.0,0.0,1273.1625,0.84375,32.5,124.5625,4.25,391.1111111111111,2.0,77.35,167.5
0.367816092,0.367816092,0.091954023,0.183908046,0.045977011,0.045977011,0.045977011,0.045977011,0.045977011,0.045977011,0.091954023,0.045977011,0.068965517,3.0,3.0,3.0,0.0,0.0,1047.9878787878788,1.3758064516129032,44.93939393939394,144.5,4.5,480.9090909090909,11.75,38.0,0.0
0.25,0.25,0.052631579,0.052631579,0.172711572,0.172711572,0.172711572,0.172711572,0.0,0.0,0.0,0.236842105,0.052631579,4.0,3.0,0.0,3.0,0.0,1413.7272727272727,1.0909090909090908,22.727272727272727,216.625,11.0,1300.0,0.0,64.66666666666667,86.25
0.37,0.37,0.04,0.04,0.114222712,0.114222712,0.114222712,0.114222712,0.114222712,0.04,0.0,0.12,0.04,3.0,2.0,0.0,3.0,0.0,1597.888888888889,1.0444444444444445,79.44444444444444,121.42857142857144,2.0,0.0,5.0,77.14285714285714,43.333333333333336
0.351351351,0.351351351,0.027027027,0.027027027,0.054054054,0.040540541,0.027027027,0.027027027,0.040540541,0.027027027,0.0,0.040540541,0.027027027,3.0,3.0,3.0,3.0,0.0,1644.1583333333335,1.0375,68.33333333333333,137.5,0.0,103.0,4.363663261689577,87.5,51.25
0.5,0.5,0.020833333,0.041666667,0.120378332,0.120378332,0.120378332,0.120378332,0.120378332,0.041666667,0.0,0.125,0.041666667,4.0,3.0,0.0,4.0,0.0,613.4545454545455,1.3263636363636364,40.90909090909091,133.4,0.0,35.0,4.0,25.0,120.0
0.274509804,0.274509804,0.078431373,0.156862745,0.078431373,0.058823529,0.058823529,0.058823529,0.039215686,0.039215686,0.039215686,0.058823529,0.039215686,3.0,3.0,0.0,0.0,0.0,2023.76,1.129,42.0,181.7,0.0,0.0,5.1,0.0,0.0
0.285714286,0.285714286,0.023809524,0.047619048,0.047619048,0.035714286,0.023809524,0.023809524,0.035714286,0.011904762,0.023809524,0.029761905,0.011904762,3.0,3.0,0.0,0.0,0.0,2004.86,0.5,46.0,162.0,0.0,0.0,6.333333333333333,3.75,0.0
0.359183673,0.359183673,0.032653061,0.065306122,0.073469388,0.073469388,0.073469388,0.048979592,0.048979592,0.016326531,0.032653061,0.073469388,0.016326531,3.0,3.0,0.0,3.0,0.0,1220.35,0.6816666666666666,51.25,64.28571428571429,0.0,0.0,9.0,31.428571428571427,60.5
0.353448276,0.353448276,0.034482759,0.068965517,0.025862069,0.025862069,0.025862069,0.025862069,0.025862069,0.017241379,0.025862069,0.034482759,0.017241379,3.0,3.0,3.0,3.0,0.0,1052.4266666666667,1.5185185185185186,28.966666666666665,23.0,24.857142857142858,161.3913043478261,9.5,63.875,0.0
0.0,0.0,0.055555556,0.055555556,0.134486071,0.134486071,0.134486071,0.134486071,0.0,0.027777778,0.0,0.0,0.0,4.0,0.0,4.0,3.0,0.0,1640.3200000000002,0.882,33.6,66.14285714285714,0.0,0.0,4.0,83.33333333333333,0.0
0.35359116,0.35359116,0.044198895,0.08839779,0.132596685,0.110497238,0.08839779,0.110497238,0.165745856,0.066298343,0.033149171,0.143646409,0.066298343,4.0,4.0,4.0,4.0,0.0,1347.253333333333,1.0166666666666666,23.0,135.54545454545453,2.25,314.35714285714283,6.0,89.0,121.5
0.352941176,0.352941176,0.058823529,0.117647059,0.058823529,0.058823529,0.044117647,0.058823529,0.044117647,0.029411765,0.058823529,0.058823529,0.029411765,3.0,3.0,0.0,0.0,0.0,2108.8900000000003,1.3122,35.0,192.0,0.0,0.0,7.5,0.0,0.0
0.006329114,0.006329114,0.037974684,0.037974684,0.189873418,0.13318535,0.063291139,0.0,0.063291139,0.025316456,0.0,0.177580466,0.0,3.0,0.0,0.0,4.0,0.0,0.0,0.0,0.0,0.0,0.0,0.0,0.0,0.0,0.0
0.352941176,0.352941176,0.023529412,0.094117647,0.055294118,0.028235294,0.037647059,0.028235294,0.037647059,0.023529412,0.0,0.045882353,0.023529412,3.0,3.0,3.0,3.0,0.0,1083.5733333333333,1.1620689655172414,38.833333333333336,107.5,5.5,65.0,0.0,116.57142857142856,212.63636363636363
0.25,0.25,0.042105263,0.042105263,0.172711572,0.172711572,0.172711572,0.172711572,0.0,0.0,0.0,0.231578947,0.042105263,4.0,3.0,0.0,3.0,0.0,1368.3333333333333,1.0208333333333333,40.41666666666666,240.83333333333331,0.0,1300.0,2.5,46.66666666666666,81.66666666666667
0.354609929,0.354609929,0.056737589,0.113475177,0.113475177,0.09929078,0.113475177,0.113475177,0.09929078,0.028368794,0.0,0.09929078,0.127659574,3.0,3.0,3.0,3.0,0.0,1307.8958333333333,1.0166666666666666,68.75,76.84210526315789,0.0,79.0,0.0,53.55555555555556,22.5
0.02247191,0.02247191,0.04494382,0.06741573,0.225776105,0.225776105,0.112888053,0.112888053,0.0,0.02247191,0.0,0.269662921,0.06741573,4.0,0.0,0.0,4.0,0.0,1506.6666666666667,0.5297444444444445,31.666666666666668,45.333333333333336,0.0,10.0,2.5,100.0,87.33333333333333
0.0,0.0,0.017391304,0.017391304,0.056757539,0.056757539,0.056757539,0.056757539,0.056757539,0.017391304,0.056757539,0.0,0.0,3.0,0.0,3.0,3.0,0.0,1869.125,1.5829166666666667,32.333333333333336,149.5,0.0,100.0,2.0,79.25,106.0
0.0,0.0,0.03125,0.03125,0.090538773,0.090538773,0.090538773,0.090538773,0.090538773,0.03125,0.090538773,0.0,0.0,3.0,0.0,3.0,3.0,0.0,1807.6833333333332,1.175,32.5,140.0,0.0,0.0,0.0,56.6,100.0
0.0,0.0,0.027027027,0.027027027,0.194741967,0.194741967,0.0,0.126582278,0.0,0.013513514,0.0,0.303797468,0.0,3.0,0.0,0.0,0.0,0.0,1790.9,0.3571428571428571,38.60714285714285,22.0,0.0,0.0,0.0,0.0,0.0
0.354545455,0.354545455,0.036363636,0.072727273,0.036363636,0.036363636,0.036363636,0.036363636,0.036363636,0.018181818,0.036363636,0.045454545,0.018181818,3.0,3.0,0.0,3.0,0.0,1442.7333333333331,1.4566666666666668,26.666666666666668,119.11111111111111,6.375,128.57142857142858,4.625,207.0909090909091,110.625
0.5,0.5,0.058823529,0.058823529,0.233918129,0.116959064,0.116959064,0.116959064,0.058823529,0.058823529,0.0,0.294117647,0.088235294,3.0,0.0,0.0,3.0,0.0,1422.1,1.515,45.5,98.25,8.0,249.0,8.5,115.14285714285714,57.75
0.357541899,0.357541899,0.044692737,0.089385475,0.022346369,0.022346369,0.022346369,0.022346369,0.022346369,0.022346369,0.022346369,0.033519553,0.022346369,3.0,3.0,0.0,0.0,0.0,2038.3384615384616,0.3423076923076923,78.07692307692308,94.16666666666669,0.0,0.0,2.583333333333333,7.75,0.0
0.054794521,0.054794521,0.054794521,0.054794521,0.410958904,0.273972603,0.136986301,0.136986301,0.136986301,0.02739726,0.0,0.410958904,0.0,3.0,0.0,0.0,3.0,0.0,0.0,0.0,0.0,0.0,0.0,0.0,0.0,0.0,0.0
0.364485981,0.364485981,0.037383178,0.074766355,0.074766355,0.037383178,0.037383178,0.028037383,0.046728972,0.037383178,0.028037383,0.056074766,0.037383178,3.0,3.0,3.0,3.0,0.0,1043.0454545454545,1.4863636363636366,48.54545454545455,0.0,19.75,194.7692307692308,4.5,51.6,40.0
0.5,0.5,0.035714286,0.035714286,0.224719101,0.187265918,0.0,0.0,0.035714286,0.0,0.0,0.0,0.0,4.0,0.0,4.0,4.0,0.0,455.60833333333335,0.9441666666666668,40.0,103.375,3.0,90.0,9.5,42.5,0.0
0.354285714,0.354285714,0.022857143,0.045714286,0.034285714,0.034285714,0.034285714,0.034285714,0.034285714,0.011428571,0.034285714,0.045714286,0.011428571,3.0,3.0,0.0,3.0,0.0,1508.4583333333333,1.2958333333333334,44.583333333333336,83.5,0.0,100.0,3.0,99.54545454545456,72.85714285714286
0.363636364,0.363636364,0.060606061,0.121212121,0.045454545,0.045454545,0.03030303,0.03030303,0.045454545,0.03030303,0.03030303,0.03030303,0.03030303,3.0,3.0,3.0,0.0,0.0,1034.4333333333334,1.0738095238095238,64.20833333333333,72.5,6.333333333333333,416.0,3.0,26.22222222222222,70.0
0.356807512,0.356807512,0.037558685,0.075117371,0.037558685,0.037558685,0.037558685,0.037558685,0.037558685,0.018779343,0.037558685,0.046948357,0.018779343,3.0,3.0,0.0,3.0,0.0,1438.2416666666668,1.6510416666666667,28.33333333333333,118.75,0.0,195.375,0.0,172.5,140.0
0.360902256,0.360902256,0.030075188,0.120300752,0.07518797,0.045112782,0.045112782,0.045112782,0.045112782,0.030075188,0.0,0.045112782,0.030075188,3.0,3.0,3.0,3.0,0.0,1059.11,1.4293103448275863,48.0,116.0909090909091,3.5,128.33333333333334,0.0,146.15384615384616,192.15384615384616
0.0,0.0,0.032258065,0.032258065,0.246575342,0.246575342,0.178082192,0.178082192,0.0,0.016129032,0.0,0.273972603,0.0,3.0,0.0,3.0,0.0,0.0,1914.525,0.5624374999999999,40.41666666666666,33.333333333333336,0.0,0.0,3.1666666666666665,15.0,0.0
0.0,0.0,0.043010753,0.043010753,0.145435014,0.145435014,0.145435014,0.145435014,0.0,0.021505376,0.0,0.0,0.0,4.0,0.0,4.0,3.0,0.0,0.0,1.0583333333333331,40.833333333333336,94.8181818181818,2.25,56.25,8.0,124.66666666666669,89.4
0.355555556,0.355555556,0.059259259,0.118518519,0.074074074,0.02962963,0.02962963,0.02962963,0.044444444,0.059259259,0.02962963,0.044444444,0.059259259,3.0,3.0,3.0,3.0,0.0,1038.748275862069,1.0386363636363638,89.3103448275862,0.0,0.0,203.42857142857144,0.0,11.0,0.0
0.009433962,0.009433962,0.056603774,0.056603774,0.221975583,0.150943396,0.094339623,0.0,0.094339623,0.037735849,0.0,0.177580466,0.0,3.0,0.0,0.0,4.0,0.0,0.0,0.0,0.0,0.0,0.0,0.0,0.0,0.0,0.0
0.357859532,0.357859532,0.013377926,0.026755853,0.070234114,0.070234114,0.070234114,0.053511706,0.053511706,0.013377926,0.040133779,0.070234114,0.006688963,4.0,4.0,0.0,4.0,0.0,1117.66,1.4275862068965517,30.966666666666665,95.27586206896552,2.0,91.25,5.666666666666667,12.5,104.54545454545456
0.347826087,0.347826087,0.104347826,0.07394684739244604,0.113206212,0.113206212,0.113206212,0.113206212,0.113206212,0.034782609,0.0,0.113206212,0.0,4.0,4.0,0.0,0.0,0.0,2069.9727272727278,1.5772727272727274,71.36363636363636,184.1,0.0,0.0,6.833333333333333,7.0,0.0
0.5,0.5,0.058823529,0.058823529,0.224719101,0.187265918,0.0,0.0,0.058823529,0.0,0.0,0.0,0.0,4.0,0.0,4.0,4.0,0.0,0.0,1.0340909090909092,55.90909090909091,110.0,3.5,39.8,8.85,102.0,67.94444444444444
0.361445783,0.361445783,0.024096386,0.096385542,0.060240964,0.024096386,0.036144578,0.024096386,0.036144578,0.024096386,0.0,0.048192771,0.024096386,3.0,3.0,3.0,3.0,0.0,1097.8466666666668,1.3839285714285714,35.666666666666664,136.0,3.8333333333333335,72.5,3.0,163.86206896551724,204.28571428571428
0.0,0.0,0.0,0.0,0.140350877,0.140350877,0.140350877,0.140350877,0.0,0.034482759,0.0,0.187134503,0.034482759,4.0,0.0,4.0,3.0,0.0,842.775,1.3150000000000002,57.5,171.28571428571428,0.0,76.66666666666667,4.363663261689577,40.0,5.0
0.0,0.0,0.056338028,0.225352113,0.095403078,0.095403078,0.095403078,0.095403078,0.095403078,0.018779343,0.0,0.095403078,0.0,3.0,3.0,0.0,0.0,0.0,2333.05,0.8491666666666666,165.0,162.5,0.0,0.0,4.363663261689577,7.0,0.0
0.355329949,0.355329949,0.060913706,0.07394684739244604,0.115648478,0.115648478,0.115648478,0.115648478,0.115648478,0.020304569,0.0,0.115648478,0.0,4.0,4.0,0.0,0.0,0.0,1905.7083333333333,1.0958333333333334,50.833333333333336,135.7,0.0,0.0,3.4166666666666665,26.0,0.0
0.5,0.5,0.045977011,0.045977011,0.233918129,0.116959064,0.116959064,0.116959064,0.045977011,0.045977011,0.0,0.275862069,0.068965517,3.0,0.0,0.0,3.0,0.0,1342.25,0.5625,69.58333333333333,47.0,3.5,0.0,0.0,47.833333333333336,76.66666666666667
0.0,0.0,0.046511628,0.186046512,0.091717448,0.091717448,0.091717448,0.091717448,0.091717448,0.015503876,0.0,0.091717448,0.0,3.0,3.0,0.0,0.0,0.0,2032.95,2.55,50.0,196.66666666666663,0.0,0.0,7.4,10.0,0.0
0.0,0.0,0.023255814,0.046511628,0.143626571,0.143626571,0.143626571,0.143626571,0.0,0.023255814,0.0,0.170556553,0.0,4.0,2.0,0.0,4.0,0.0,543.5727272727273,1.4772727272727273,37.72727272727273,94.75,4.083333333333333,30.0,6.5,71.875,161.66666666666666
0.347031963,0.347031963,0.03652968,0.073059361,0.03652968,0.03652968,0.02739726,0.02739726,0.03652968,0.01826484,0.02739726,0.02739726,0.01826484,3.0,3.0,3.0,0.0,0.0,1033.47,0.4772727272727273,48.6,10.0,9.8,346.25,2.5,8.0,0.0
0.373563218,0.373563218,0.045977011,0.045977011,0.115322713,0.115322713,0.115322713,0.115322713,0.115322713,0.045977011,0.0,0.114942529,0.045977011,3.0,2.0,0.0,3.0,0.0,1597.9166666666667,0.8708333333333332,49.16666666666666,104.44444444444444,3.375,0.0,4.333333333333333,22.0,0.0
0.3515625,0.3515625,0.03125,0.03125,0.087399006,0.087399006,0.087399006,0.087399006,0.087399006,0.03125,0.09375,0.09375,0.03125,4.0,4.0,0.0,4.0,0.0,1553.909090909091,1.6159090909090912,39.54545454545455,327.5,8.0,1300.0,3.0,117.5,129.0
0.356481481,0.356481481,0.0,0.037037037,0.092954754,0.092954754,0.092954754,0.092954754,0.092954754,0.037037037,0.0,0.092954754,0.0,3.0,0.0,3.0,3.0,0.0,1580.7545454545457,1.0227272727272727,21.818181818181817,79.71428571428571,0.0,77.5,4.363663261689577,73.0,76.375
0.020833333,0.020833333,0.041666667,0.0625,0.225776105,0.225776105,0.112888053,0.112888053,0.0,0.020833333,0.0,0.270833333,0.0625,4.0,0.0,0.0,4.0,0.0,1425.5,0.925,39.0,27.0,0.0,123.0,0.0,62.5,160.0
0.719298246,0.719298246,0.070175439,0.140350877,0.122807018,0.122807018,0.105263158,0.105263158,0.105263158,0.087719298,0.105263158,0.140350877,0.035087719,4.0,4.0,4.0,0.0,0.0,992.885,1.01,19.65,143.6153846153846,0.0,225.0,0.0,173.875,130.0
0.353658537,0.353658537,0.048780488,0.097560976,0.109756098,0.097560976,0.12195122,0.12195122,0.097560976,0.024390244,0.0,0.109756098,0.134146341,3.0,3.0,3.0,3.0,0.0,1266.6033333333332,0.8866071428571428,34.833333333333336,86.94444444444444,0.0,58.333333333333336,6.0,126.34615384615384,121.66666666666669
0.0,0.0,0.065217391,0.07394684739244604,0.090821902,0.090821902,0.090821902,0.090821902,0.090821902,0.02173913,0.0,0.090821902,0.0,3.0,3.0,0.0,0.0,0.0,1965.877777777778,0.5355,25.22222222222222,135.28571428571428,0.0,0.0,4.363663261689577,0.0,0.0
0.352713178,0.352713178,0.015503876,0.015503876,0.087685066,0.087685066,0.087685066,0.087685066,0.087685066,0.015503876,0.085271318,0.085271318,0.015503876,4.0,4.0,0.0,4.0,0.0,1502.0,1.175,56.66666666666666,426.22222222222223,0.0,1300.0,17.0,44.333333333333336,15.0
0.338888889,0.338888889,0.133333333,0.07394684739244604,0.110297441,0.110297441,0.110297441,0.110297441,0.110297441,0.044444444,0.0,0.110297441,0.0,4.0,4.0,0.0,0.0,0.0,2050.4,1.21875,92.08333333333331,188.6,0.0,0.0,7.375,21.0,0.0
0.015151515,0.015151515,0.090909091,0.090909091,0.303030303,0.181818182,0.151515152,0.0,0.151515152,0.060606061,0.0,0.303030303,0.0,3.0,0.0,0.0,4.0,0.0,0.0,0.0,0.0,0.0,0.0,0.0,0.0,0.0,0.0
0.373333333,0.373333333,0.106666667,0.213333333,0.08,0.053333333,0.026666667,0.026666667,0.053333333,0.026666667,0.053333333,0.053333333,0.026666667,3.0,3.0,3.0,0.0,0.0,1033.662962962963,1.3199999999999998,42.5925925925926,115.0,25.5,335.2307692307692,4.0,7.545454545454546,150.0
0.0,0.0,0.027027027,0.027027027,0.064803148,0.064803148,0.064803148,0.064803148,0.064803148,0.027027027,0.064803148,0.0,0.0,3.0,0.0,3.0,3.0,0.0,1088.28,0.5788,43.5,85876.0,5.0,0.0,8.0,110.0,70.0
0.358208955,0.358208955,0.059701493,0.119402985,0.074626866,0.044776119,0.029850746,0.029850746,0.044776119,0.014925373,0.044776119,0.044776119,0.014925373,3.0,3.0,3.0,0.0,0.0,1032.0538461538465,0.9522727272727272,45.07692307692308,120.0,43.65,581.0588235294117,4.333333333333333,12.0,60.0
0.0,0.0,0.01010101,0.01010101,0.091030997,0.091030997,0.091030997,0.091030997,0.0208555585,0.018165526,0.0208555585,0.0935672515,0.008064516,3.5,0.0,3.5,3.0,0.0,1291.335,0.8949999999999999,66.5,164.71428571428572,0.0,215.0,1.8333333333333333,119.16666666666669,97.1875
0.363636364,0.363636364,0.051948052,0.051948052,0.051948052,0.051948052,0.025974026,0.025974026,0.051948052,0.051948052,0.0,0.051948052,0.051948052,3.0,3.0,3.0,3.0,0.0,1666.5,1.2933333333333332,34.583333333333336,92.27272727272728,5.5,0.0,3.590909090909091,53.833333333333336,47.5
0.5,0.5,0.014814815,0.02962963,0.168954593,0.168954593,0.168954593,0.168954593,0.105596621,0.02962963,0.0,0.162962963,0.02962963,4.0,0.0,3.0,3.0,0.0,0.0,1.5854166666666665,43.333333333333336,220.0,4.0,0.0,6.0,0.0,0.0
0.35483871,0.35483871,0.032258065,0.129032258,0.048387097,0.032258065,0.032258065,0.032258065,0.032258065,0.032258065,0.0,0.048387097,0.032258065,3.0,3.0,3.0,3.0,0.0,1095.625,1.3727272727272728,24.791666666666668,132.91666666666666,5.0,690.0,0.0,57.41666666666666,222.72727272727272
0.011494253,0.011494253,0.068965517,0.068965517,0.221975583,0.13318535,0.114942529,0.0,0.114942529,0.045977011,0.0,0.229885057,0.0,3.0,0.0,0.0,4.0,0.0,0.0,0.0,0.0,0.0,0.0,0.0,0.0,0.0,0.0
0.351351351,0.351351351,0.054054054,0.108108108,0.040540541,0.040540541,0.040540541,0.040540541,0.040540541,0.027027027,0.040540541,0.040540541,0.027027027,3.0,3.0,0.0,3.0,0.0,1502.725,1.3375,33.5,80.0,0.0,50.0,0.0,77.33333333333333,167.66666666666666
0.35,0.333928571,0.042857143,0.171428571,0.106666667,0.106666667,0.106666667,0.106666667,0.106666667,0.014285714,0.0,0.106666667,0.0,4.0,4.0,0.0,0.0,0.0,2004.9363636363637,0.7085909090909092,52.81818181818182,98.0,0.0,0.0,5.0,23.33333333333333,0.0
0.25,0.25,0.0579072755,0.0579072755,0.2402467355,0.181767203,0.147520628,0.147520628,0.0392156865,0.048561481,0.0,0.2742412035,0.0588235295,3.0,0.0,3.0,3.0,0.0,1471.0,1.3611111111111112,83.33333333333333,24.33333333333333,301.0,0.0,0.0,48.0,22.33333333333333
0.356481481,0.356481481,0.037037037,0.037037037,0.099575833,0.099575833,0.099575833,0.099575833,0.099575833,0.037037037,0.092592593,0.092592593,0.037037037,4.0,3.0,0.0,4.0,0.0,1387.1818181818182,1.0954545454545457,31.454545454545453,218.33333333333331,0.0,1300.0,3.0,62.8,45.0
0.493506494,0.493506494,0.051948052,0.103896104,0.067532468,0.045454545,0.045454545,0.045454545,0.045454545,0.025974026,0.033766234,0.045454545,0.025974026,3.0,0.0,3.0,3.0,0.0,1218.2,1.5708333333333335,42.5,71.125,5.0,21.5,7.6,40.90909090909091,73.33333333333333
0.357894737,0.357894737,0.028070175,0.056140351,0.056140351,0.042105263,0.042105263,0.035087719,0.056140351,0.014035088,0.09122807,0.035087719,0.063157895,3.0,3.0,3.0,0.0,0.0,1028.0451612903223,0.7192307692307692,47.54838709677419,172.0,5.4,467.0,10.4,16.333333333333332,0.0
0.353333333,0.353333333,0.026666667,0.053333333,0.066666667,0.066666667,0.066666667,0.053333333,0.053333333,0.013333333,0.033333333,0.066666667,0.013333333,3.0,3.0,0.0,3.0,0.0,1307.1083333333331,1.7333333333333334,48.75,107.5,30.0,0.0,13.0,62.4,212.8571428571429
0.0,0.0,0.095238095,0.07394684739244604,0.094431712,0.094431712,0.094431712,0.094431712,0.094431712,0.031746032,0.0,0.094431712,0.0,3.0,3.0,0.0,0.0,0.0,2035.8083333333332,0.2583333333333333,73.75,112.25,0.0,0.0,4.363663261689577,5.0,0.0
0.38125,0.38125,0.0125,0.0125,0.094779366,0.094779366,0.094779366,0.094779366,0.094779366,0.0125,0.09375,0.09375,0.0125,4.0,4.0,0.0,4.0,0.0,1482.0,1.8666666666666665,48.333333333333336,452.0,11.0,998.75,3.0,64.0,17.5
0.0,0.0,0.039215686,0.039215686,0.102465578,0.102465578,0.102465578,0.102465578,0.0,0.019607843,0.0,0.0,0.0,4.0,0.0,4.0,3.0,0.0,865.8916666666668,1.0416666666666667,45.833333333333336,81.33333333333333,0.0,50.0,1.1666666666666667,75.0,201.75
0.34375,0.34375,0.125,0.07394684739244604,0.03125,0.03125,0.03125,0.03125,0.03125,0.0625,0.03125,0.03125,0.0625,3.0,3.0,3.0,0.0,0.0,1028.755,1.2964285714285713,34.85,115.0,0.0,774.5454545454545,0.0,10.25,0.0
0.25,0.25,0.037735849,0.037735849,0.182534989,0.1638083975,0.0701754385,0.0701754385,0.037735849,0.0086206895,0.0,0.0935672515,0.0086206895,4.0,0.0,4.0,3.5,0.0,878.3125,1.301770833333333,44.16666666666666,145.15,7.5,58.2,10.333333333333334,140.52173913043478,178.7
0.0,0.0,0.016949153,0.033898305,0.167064439,0.119331742,0.119331742,0.119331742,0.0,0.016949153,0.0,0.190930788,0.0,4.0,0.0,2.0,4.0,0.0,796.0,1.25,40.0,110.85714285714286,0.0,0.0,2.6666666666666665,119.16666666666669,83.11111111111111
0.713043478,0.713043478,0.069565217,0.139130435,0.12173913,0.12173913,0.104347826,0.104347826,0.104347826,0.086956522,0.104347826,0.139130435,0.034782609,4.0,4.0,4.0,0.0,0.0,1020.3238095238096,0.8761904761904761,23.714285714285715,133.73333333333332,3.0,103.33333333333331,0.0,102.52380952380952,235.84615384615384
0.021505376,0.021505376,0.043010753,0.064516129,0.225776105,0.225776105,0.112888053,0.112888053,0.0,0.021505376,0.0,0.279569892,0.064516129,4.0,0.0,0.0,4.0,0.0,1513.625,0.375,56.25,54.0,0.0,0.0,0.0,0.0,18.0
0.005376344,0.005376344,0.032258065,0.032258065,0.193548387,0.13318535,0.053763441,0.0,0.053763441,0.021505376,0.0,0.177580466,0.0,3.0,0.0,0.0,4.0,0.0,0.0,0.0,0.0,0.0,0.0,0.0,0.0,0.0,0.0
0.357142857,0.357142857,0.038961039,0.051948052,0.064935065,0.064935065,0.038961039,0.064935065,0.038961039,0.012987013,0.064935065,0.064935065,0.012987013,3.0,3.0,0.0,0.0,0.0,2212.75,1.2583333333333333,32.083333333333336,164.9,0.0,0.0,7.0,36.0,0.0
0.0,0.0,0.0625,0.07394684739244604,0.094000668,0.094000668,0.094000668,0.094000668,0.094000668,0.020833333,0.0,0.094000668,0.0,3.0,3.0,0.0,0.0,0.0,1540.7666666666669,1.7055555555555555,59.44444444444444,102.0,0.0,0.0,3.75,40.0,0.0
0.350649351,0.350649351,0.051948052,0.103896104,0.103896104,0.064935065,0.064935065,0.064935065,0.064935065,0.025974026,0.064935065,0.064935065,0.025974026,4.0,4.0,4.0,4.0,0.0,1055.6433333333332,1.28,30.83333333333333,128.23809523809524,5.375,110.0,0.0,118.5,142.5
0.0,0.0,0.063492063,0.063492063,0.18785356,0.18785356,0.18785356,0.18785356,0.0,0.031746032,0.0,0.0,0.0,4.0,0.0,4.0,3.0,0.0,1718.85,1.3958333333333333,22.916666666666668,213.75,0.0,0.0,0.0,64.54545454545455,3.0
0.0,0.0,0.012820513,0.025641026,0.143626571,0.143626571,0.143626571,0.143626571,0.0,0.012820513,0.0,0.170556553,0.0,4.0,2.0,0.0,4.0,0.0,1162.5444444444445,1.1222222222222222,52.77777777777778,47.0,2.5,0.0,2.0,38.0,72.5
0.342307692,0.342307692,0.046153846,0.184615385,0.104322344,0.104322344,0.104322344,0.104322344,0.104322344,0.015384615,0.0,0.104322344,0.0,4.0,4.0,0.0,0.0,0.0,2037.6272727272728,2.099090909090909,53.63636363636363,214.28571428571428,0.0,0.0,4.363663261689577,28.33333333333333,0.0
0.5,0.5,0.024096386,0.048192771,0.168954593,0.168954593,0.168954593,0.168954593,0.105596621,0.048192771,0.0,0.168674699,0.048192771,4.0,0.0,3.0,3.0,0.0,639.8333333333334,1.1833333333333331,53.333333333333336,93.0909090909091,4.75,0.0,4.863636363636363,48.5,158.1818181818182
0.371134021,0.371134021,0.0,0.041237113,0.096775494,0.096775494,0.096775494,0.096775494,0.096775494,0.041237113,0.0,0.096775494,0.0,3.0,0.0,3.0,3.0,0.0,0.0,1.15,48.75,145.0,0.0,30.0,7.0,148.66666666666666,0.0
0.365079365,0.365079365,0.063492063,0.126984127,0.031746032,0.031746032,0.031746032,0.031746032,0.031746032,0.031746032,0.031746032,0.031746032,0.031746032,3.0,3.0,3.0,0.0,0.0,1035.525,1.2828947368421053,40.29166666666666,24.5,37.0,425.75,4.0,12.75,45.0
0.0,0.0,0.095238095,0.095238095,0.194741967,0.194741967,0.0,0.126582278,0.0,0.047619048,0.0,0.303797468,0.0,3.0,0.0,0.0,0.0,0.0,1993.3285714285712,0.6014285714285714,47.142857142857146,46.0,0.0,26.0,0.0,26.666666666666668,0.0
0.364779874,0.364779874,0.050314465,0.100628931,0.025157233,0.025157233,0.025157233,0.025157233,0.025157233,0.025157233,0.025157233,0.037735849,0.025157233,3.0,3.0,3.0,3.0,0.0,1063.819230769231,1.7666666666666668,42.80769230769231,56.0,11.5,178.4,6.0,22.875,0.0
0.5,0.5,0.032,0.032,0.233918129,0.116959064,0.116959064,0.116959064,0.032,0.032,0.0,0.288,0.048,3.0,0.0,0.0,3.0,0.0,1420.5,1.1249,25.2,67.85714285714286,4.6,40.2,6.5,89.75,72.14285714285714
0.0,0.0,0.037617555,0.150470219,0.089266256,0.089266256,0.089266256,0.089266256,0.089266256,0.012539185,0.0,0.089266256,0.0,3.0,3.0,0.0,0.0,0.0,2156.67,1.133,128.5,145.83333333333334,0.0,0.0,8.714285714285714,0.0,0.0
0.351694915,0.351694915,0.101694915,0.07394684739244604,0.114465391,0.114465391,0.114465391,0.114465391,0.114465391,0.033898305,0.0,0.114465391,0.0,4.0,4.0,0.0,0.0,0.0,1947.090909090909,1.3904545454545454,42.27272727272727,222.875,0.0,0.0,8.333333333333334,0.0,0.0
0.058823529,0.058823529,0.117647059,0.176470588,0.225776105,0.225776105,0.112888053,0.112888053,0.0,0.058823529,0.0,0.294117647,0.176470588,4.0,0.0,0.0,4.0,0.0,1448.5,1.32,70.8,52.0,0.0,0.0,10.0,89.25,85.0
0.029850746,0.029850746,0.059701493,0.089552239,0.225776105,0.225776105,0.112888053,0.112888053,0.0,0.029850746,0.0,0.268656716,0.089552239,4.0,0.0,0.0,4.0,0.0,1495.625,1.03125,39.375,42.71428571428572,168.0,70.0,6.0,8.5,63.333333333333336
0.349099099,0.349099099,0.0,0.018018018,0.091029752,0.091029752,0.091029752,0.091029752,0.091029752,0.018018018,0.0,0.091029752,0.0,3.0,0.0,3.0,3.0,0.0,1632.7916666666667,1.4333125000000002,23.58333333333333,130.77777777777777,0.0,125.0,0.0,92.63636363636364,0.0
0.359649123,0.359649123,0.035087719,0.035087719,0.111027293,0.111027293,0.111027293,0.111027293,0.111027293,0.035087719,0.0,0.105263158,0.035087719,3.0,2.0,0.0,3.0,0.0,642.9,0.8400000000000001,43.0,134.375,3.0,30.0,6.75,49.0,18.8
0.363636364,0.363636364,0.045454545,0.045454545,0.068181818,0.045454545,0.022727273,0.022727273,0.045454545,0.045454545,0.0,0.045454545,0.045454545,3.0,3.0,3.0,3.0,0.0,1634.025,0.94,44.16666666666666,93.45454545454544,3.2,0.0,4.045454545454546,53.333333333333336,130.0
0.368110236,0.368110236,0.047244094,0.188976378,0.112185977,0.112185977,0.112185977,0.112185977,0.112185977,0.015748031,0.0,0.112185977,0.0,4.0,4.0,0.0,0.0,0.0,1977.65,1.04,61.5,107.44444444444444,0.0,0.0,5.1875,26.666666666666668,0.0
0.28358209,0.28358209,0.059701493,0.119402985,0.074626866,0.059701493,0.059701493,0.059701493,0.044776119,0.029850746,0.044776119,0.059701493,0.029850746,3.0,3.0,0.0,0.0,0.0,2036.9666666666665,2.0733333333333333,24.166666666666668,208.08333333333331,0.0,0.0,7.25,8.25,0.0
0.276923077,0.276923077,0.123076923,0.07394684739244604,0.061538462,0.061538462,0.061538462,0.061538462,0.061538462,0.061538462,0.061538462,0.061538462,0.061538462,3.0,3.0,0.0,0.0,0.0,2043.636363636364,0.8409090909090909,65.9090909090909,124.9090909090909,0.0,0.0,8.55,7.454545454545454,0.0
0.284482759,0.284482759,0.045977011,0.091954023,0.045977011,0.034482759,0.034482759,0.022988506,0.022988506,0.045977011,0.022988506,0.034482759,0.045977011,3.0,3.0,0.0,0.0,0.0,2115.4416666666666,0.75,42.5,204.0909090909091,0.0,0.0,10.5,4.8,0.0
0.25,0.25,0.068965517,0.068965517,0.172711572,0.172711572,0.172711572,0.172711572,0.0,0.0,0.0,0.24137931,0.068965517,4.0,3.0,0.0,3.0,0.0,1193.3333333333333,0.865625,19.83333333333333,317.5,11.0,661.5,3.0,52.0,107.83333333333331
0.5,0.5,0.016949153,0.033898305,0.120378332,0.120378332,0.120378332,0.120378332,0.120378332,0.033898305,0.0,0.118644068,0.033898305,4.0,3.0,0.0,4.0,0.0,0.0,1.0083333333333335,68.33333333333333,59.16666666666666,0.0,0.0,3.0,38.0,122.5
0.364864865,0.364864865,0.054054054,0.108108108,0.135135135,0.108108108,0.094594595,0.108108108,0.162162162,0.081081081,0.040540541,0.148648649,0.081081081,4.0,4.0,4.0,4.0,0.0,1376.7,1.7948275862068963,28.5,105.45454545454544,100.0,109.0,0.0,85.95833333333333,176.0
0.285447761,0.285447761,0.029850746,0.059701493,0.044776119,0.029850746,0.029850746,0.02238806,0.02238806,0.029850746,0.02238806,0.037313433,0.029850746,3.0,3.0,0.0,0.0,0.0,1960.9,1.2336363636363636,20.454545454545453,101.5,0.0,75.0,7.611111111111111,16.0,0.0
0.281914894,0.281914894,0.042553191,0.085106383,0.042553191,0.031914894,0.031914894,0.021276596,0.021276596,0.042553191,0.021276596,0.031914894,0.042553191,3.0,3.0,0.0,0.0,0.0,2007.8916666666669,0.9058333333333334,23.75,150.66666666666666,0.0,0.0,5.666666666666667,12.25,0.0
0.0,0.0,0.046511628,0.046511628,0.194741967,0.194741967,0.0,0.126582278,0.0,0.023255814,0.0,0.303797468,0.0,3.0,0.0,0.0,0.0,0.0,2083.0454545454545,1.2227272727272729,105.45454545454544,44.25,0.0,0.0,0.0,40.0,0.0
0.281879195,0.281879195,0.017897092,0.035794183,0.049217002,0.035794183,0.022371365,0.022371365,0.035794183,0.008948546,0.022371365,0.031319911,0.008948546,3.0,3.0,0.0,0.0,0.0,2081.25,1.1825,74.16666666666667,153.63636363636363,0.0,0.0,4.545454545454546,21.0,0.0
0.0,0.0,0.0,0.0,0.140350877,0.140350877,0.140350877,0.140350877,0.0,0.023255814,0.0,0.187134503,0.023255814,4.0,0.0,4.0,3.0,0.0,1245.9727272727273,0.6590909090909091,53.63636363636363,141.44444444444446,2.5,106.0,18.166666666666668,75.0,80.0
0.0,0.0,0.03539823,0.03539823,0.194741967,0.194741967,0.0,0.126582278,0.0,0.017699115,0.0,0.303797468,0.0,3.0,0.0,0.0,0.0,0.0,0.0,0.3181818181818182,71.81818181818181,53.333333333333336,0.0,0.0,0.0,24.11111111111111,43.333333333333336
0.346938776,0.346938776,0.040816327,0.040816327,0.08624954,0.08624954,0.08624954,0.08624954,0.08624954,0.040816327,0.081632653,0.081632653,0.040816327,4.0,4.0,0.0,4.0,0.0,1471.4166666666667,1.3,46.083333333333336,280.7142857142857,11.0,1300.0,3.0,48.5,45.0
0.03125,0.03125,0.0625,0.09375,0.225776105,0.225776105,0.112888053,0.112888053,0.0,0.03125,0.0,0.28125,0.09375,4.0,0.0,0.0,4.0,0.0,1322.6,1.0275,29.5,136.33333333333334,17.0,0.0,0.0,101.0,110.0
0.348484848,0.348484848,0.03030303,0.03030303,0.060606061,0.045454545,0.03030303,0.03030303,0.045454545,0.03030303,0.0,0.045454545,0.03030303,3.0,3.0,3.0,3.0,0.0,1631.2,0.975,27.6,45.25,4.5,0.0,3.125,86.66666666666667,58.4
0.355555556,0.355555556,0.088888889,0.177777778,0.044444444,0.044444444,0.044444444,0.044444444,0.044444444,0.044444444,0.088888889,0.044444444,0.066666667,3.0,3.0,3.0,0.0,0.0,1045.725,1.011764705882353,76.25,34.0,5.5,396.0,5.0,57.5,0.0
0.25,0.25,0.04494382,0.04494382,0.172711572,0.172711572,0.172711572,0.172711572,0.0,0.0,0.0,0.247191011,0.04494382,4.0,3.0,0.0,3.0,0.0,1462.4166666666667,1.1041666666666667,34.833333333333336,315.0,11.0,874.3333333333334,0.0,47.2,135.33333333333334
0.035714286,0.035714286,0.035714286,0.035714286,0.267857143,0.178571429,0.089285714,0.089285714,0.089285714,0.017857143,0.0,0.267857143,0.0,3.0,0.0,0.0,3.0,0.0,0.0,0.0,0.0,0.0,0.0,0.0,0.0,0.0,0.0
0.295454545,0.295454545,0.090909091,0.181818182,0.068181818,0.068181818,0.068181818,0.068181818,0.045454545,0.045454545,0.045454545,0.068181818,0.045454545,3.0,3.0,0.0,0.0,0.0,2063.746153846154,0.8638461538461539,27.307692307692307,152.08333333333334,0.0,0.0,4.055555555555555,20.444444444444443,0.0
0.357723577,0.357723577,0.032520325,0.130081301,0.081300813,0.048780488,0.032520325,0.032520325,0.048780488,0.032520325,0.0,0.048780488,0.032520325,3.0,3.0,3.0,3.0,0.0,1095.4583333333333,1.3695652173913044,30.541666666666668,96.17647058823528,27.125,25.0,0.0,45.0,213.33333333333331
0.360869565,0.360869565,0.017391304,0.017391304,0.089712757,0.089712757,0.089712757,0.089712757,0.089712757,0.017391304,0.086956522,0.086956522,0.017391304,4.0,4.0,0.0,4.0,0.0,1478.5,1.183,35.0,488.0,10.0,1300.0,7.5,104.0,37.5
0.5,0.5,0.042553191,0.042553191,0.224719101,0.187265918,0.0,0.0,0.042553191,0.0,0.0,0.0,0.0,4.0,0.0,4.0,4.0,0.0,970.4363636363636,0.75,35.0,73.77777777777777,0.0,55.0,1.375,69.54545454545455,0.0
0.023529412,0.023529412,0.047058824,0.070588235,0.225776105,0.225776105,0.112888053,0.112888053,0.0,0.023529412,0.0,0.282352941,0.070588235,4.0,0.0,0.0,4.0,0.0,1478.1666666666667,1.3520833333333333,22.5,63.66666666666666,3.15,56.333333333333336,4.716666666666667,63.5,81.11111111111111
0.0,0.0,0.112149533,0.07394684739244604,0.091208956,0.091208956,0.091208956,0.091208956,0.091208956,0.037383178,0.0,0.091208956,0.0,3.0,3.0,0.0,0.0,0.0,2077.109090909091,0.9972727272727272,58.63636363636363,171.625,0.0,0.0,6.0,30.0,0.0
0.368055556,0.368055556,0.055555556,0.055555556,0.113622443,0.113622443,0.113622443,0.113622443,0.113622443,0.055555556,0.0,0.111111111,0.055555556,3.0,2.0,0.0,3.0,0.0,1581.4,1.54,34.0,90.0,3.5,0.0,6.45,75.55555555555556,172.0
0.37037037,0.37037037,0.074074074,0.07394684739244604,0.037037037,0.037037037,0.037037037,0.037037037,0.037037037,0.037037037,0.037037037,0.037037037,0.074074074,3.0,3.0,0.0,0.0,0.0,2143.9500000000003,1.5058333333333334,61.91666666666666,125.27272727272728,0.0,0.0,6.5625,5.0,0.0
0.35,0.35,0.066666667,0.133333333,0.1,0.066666667,0.066666667,0.066666667,0.066666667,0.033333333,0.066666667,0.066666667,0.033333333,4.0,4.0,4.0,4.0,0.0,1045.025,0.90625,30.625,129.75,0.0,285.0,0.0,32.53333333333333,170.0
0.364864865,0.364864865,0.036036036,0.036036036,0.112637445,0.112637445,0.112637445,0.112637445,0.112637445,0.036036036,0.0,0.108108108,0.036036036,3.0,2.0,0.0,3.0,0.0,0.0,0.5836363636363636,55.45454545454545,97.4,0.0,0.0,0.0,49.42857142857143,120.0
0.0,0.0,0.03539823,0.03539823,0.177865613,0.177865613,0.118577075,0.158102767,0.0,0.0,0.0,0.194690265,0.053097345,4.0,2.0,0.0,4.0,0.0,1291.4615384615386,2.1100000000000003,19.615384615384617,77.9375,0.0,0.0,0.0,6.5,0.0
0.5,0.5,0.037037037,0.074074074,0.168954593,0.168954593,0.168954593,0.168954593,0.105596621,0.074074074,0.0,0.185185185,0.074074074,4.0,0.0,3.0,3.0,0.0,1127.5,1.475,50.16666666666666,74.0,5.0,0.0,0.0,25.0,70.0
0.5,0.5,0.085106383,0.085106383,0.233918129,0.116959064,0.116959064,0.116959064,0.085106383,0.085106383,0.0,0.29787234,0.127659574,3.0,0.0,0.0,3.0,0.0,1419.25,0.734375,58.125,41.8,3.0,55.5,13.5,70.0,12.2
0.0,0.0,0.0890397511999999,0.07394684739244604,0.2492518612,0.240621872,0.154095096,0.0765228788,0.0,0.027158218,0.0,0.349284318,0.0,3.4,0.0,3.0,5.0,0.0,1186.581818181818,1.4704545454545457,26.363636363636363,133.0,4.0,37.5,14.0,174.44444444444446,145.71428571428572
0.352331606,0.352331606,0.041450777,0.082901554,0.051813472,0.041450777,0.041450777,0.031088083,0.051813472,0.020725389,0.093264249,0.031088083,0.062176166,3.0,3.0,3.0,0.0,0.0,1025.6909090909091,1.3299999999999998,62.51515151515152,46.66666666666666,4.25,550.5882352941177,3.333333333333333,6.555555555555555,28.0
0.5,0.5,0.072727273,0.072727273,0.224719101,0.187265918,0.0,0.0,0.072727273,0.0,0.0,0.0,0.0,4.0,0.0,4.0,4.0,0.0,1839.2833333333333,0.5625,24.33333333333333,113.25,0.0,82.5,7.5,76.66666666666667,1.0
0.371559633,0.371559633,0.036697248,0.036697248,0.114704187,0.114704187,0.114704187,0.114704187,0.114704187,0.036697248,0.0,0.110091743,0.036697248,3.0,2.0,0.0,3.0,0.0,818.6666666666666,0.8450000000000001,45.0,80.0,0.0,0.0,0.0,0.0,0.0
0.0,0.0,0.03539823,0.03539823,0.194741967,0.194741967,0.0,0.126582278,0.0,0.017699115,0.0,0.303797468,0.0,3.0,0.0,0.0,0.0,0.0,1484.0833333333333,0.7625,117.5,198.75,0.0,170.0,0.0,120.0,65.0
0.362204724,0.362204724,0.062992126,0.125984252,0.078740157,0.031496063,0.031496063,0.031496063,0.047244094,0.062992126,0.031496063,0.047244094,0.062992126,3.0,3.0,3.0,3.0,0.0,966.54,1.55,67.06666666666666,67.5,83.3,382.4761904761905,0.0,20.714285714285715,0.0
0.291262136,0.291262136,0.077669903,0.155339806,0.077669903,0.058252427,0.058252427,0.058252427,0.038834951,0.038834951,0.038834951,0.058252427,0.038834951,3.0,3.0,0.0,0.0,0.0,2034.0583333333332,1.7625,32.5,111.44444444444444,0.0,0.0,3.3,9.833333333333334,0.0
0.360759494,0.360759494,0.025316456,0.025316456,0.089685393,0.089685393,0.089685393,0.089685393,0.089685393,0.025316456,0.088607595,0.088607595,0.025316456,4.0,4.0,0.0,4.0,0.0,1528.3333333333333,0.8922222222222224,38.888888888888886,428.5,0.0,1044.6,3.0,63.333333333333336,67.0
0.068965517,0.068965517,0.068965517,0.068965517,0.517241379,0.344827586,0.172413793,0.172413793,0.172413793,0.034482759,0.0,0.517241379,0.0,3.0,0.0,0.0,3.0,0.0,0.0,0.0,0.0,0.0,0.0,0.0,0.0,0.0,0.0
0.347826087,0.347826087,0.057971014,0.231884058,0.057971014,0.028985507,0.028985507,0.028985507,0.028985507,0.028985507,0.028985507,0.028985507,0.057971014,3.0,3.0,0.0,0.0,0.0,1970.7333333333331,1.55,18.75,150.72727272727272,0.0,0.0,8.142857142857142,26.0,0.0
0.35483871,0.35483871,0.043010753,0.086021505,0.032258065,0.032258065,0.032258065,0.032258065,0.032258065,0.021505376,0.032258065,0.032258065,0.021505376,3.0,3.0,0.0,0.0,0.0,2123.1846153846154,1.1261538461538465,71.15384615384616,123.72727272727272,0.0,0.0,6.554545454545454,21.25,0.0
0.354166667,0.354166667,0.083333333,0.166666667,0.020833333,0.020833333,0.020833333,0.020833333,0.020833333,0.041666667,0.020833333,0.041666667,0.041666667,3.0,3.0,3.0,3.0,0.0,983.0666666666668,2.119565217391304,61.96666666666667,65.0,13.2,415.6470588235294,0.0,21.0,0.0
0.285714286,0.285714286,0.046332046,0.061776062,0.069498069,0.061776062,0.061776062,0.061776062,0.046332046,0.015444015,0.046332046,0.061776062,0.015444015,3.0,3.0,0.0,0.0,0.0,2032.2,1.0807692307692307,40.0,178.84615384615384,0.0,0.0,4.363663261689577,28.75,0.0
0.5,0.5,0.027027027,0.054054054,0.120378332,0.120378332,0.120378332,0.120378332,0.120378332,0.054054054,0.0,0.108108108,0.054054054,4.0,3.0,0.0,4.0,0.0,1251.090909090909,1.5727272727272723,75.45454545454545,112.57142857142856,2.0,0.0,3.0,125.0,166.66666666666666
0.020833333,0.020833333,0.041666667,0.0625,0.225776105,0.225776105,0.112888053,0.112888053,0.0,0.020833333,0.0,0.270833333,0.0625,4.0,0.0,0.0,4.0,0.0,1498.6666666666667,0.4555555555555556,28.88888888888889,81.375,0.0,118.2,0.0,92.5,171.0
0.5,0.5,0.045977011,0.045977011,0.172711572,0.172711572,0.172711572,0.172711572,0.0,0.0,0.0,0.252873563,0.045977011,4.0,3.0,0.0,3.0,0.0,1325.5833333333333,0.8916666666666666,52.5,333.75,11.0,1300.0,10.0,41.0,51.833333333333336
0.0,0.0,0.021276596,0.042553191,0.143626571,0.143626571,0.143626571,0.143626571,0.0,0.021276596,0.0,0.170556553,0.0,4.0,2.0,0.0,4.0,0.0,477.17500000000007,1.9208333333333327,71.91666666666667,53.333333333333336,0.0,0.0,0.0,67.0,47.142857142857146
0.361290323,0.361290323,0.051612903,0.103225806,0.064516129,0.064516129,0.064516129,0.051612903,0.051612903,0.051612903,0.038709677,0.064516129,0.025806452,4.0,4.0,0.0,4.0,0.0,1178.7133333333334,1.6189285714285713,25.866666666666667,104.6818181818182,7.222222222222222,108.84615384615384,0.0,30.0,189.0909090909091
0.391025641,0.391025641,0.0,0.051282051,0.101962358,0.101962358,0.101962358,0.101962358,0.101962358,0.051282051,0.0,0.101962358,0.0,3.0,0.0,3.0,3.0,0.0,1536.8454545454545,0.75,33.63636363636363,98.57142857142856,5.5,52.5,4.375,80.0,82.0
0.0,0.0,0.0890397511999999,0.07394684739244604,0.2492518612,0.240621872,0.154095096,0.0765228788,0.0,0.027158218,0.0,0.349284318,0.0,3.4,0.0,3.0,5.0,0.0,1152.8238095238096,0.9083333333333332,45.76190476190476,74.88888888888889,0.0,0.0,4.363663261689577,58.95238095238095,29.75
0.0,0.0,0.012578616,0.025157233,0.143626571,0.143626571,0.143626571,0.143626571,0.0,0.012578616,0.0,0.170556553,0.0,4.0,2.0,0.0,4.0,0.0,1163.2666666666669,1.8270625,24.58333333333333,56.42857142857143,0.0,0.0,4.5,49.66666666666666,198.57142857142856
0.0,0.0,0.083333333,0.083333333,0.246575342,0.246575342,0.178082192,0.178082192,0.0,0.041666667,0.0,0.273972603,0.0,3.0,0.0,3.0,0.0,0.0,1756.2,1.1475000000000002,60.5,43.5,0.0,0.0,1.6,71.22222222222223,0.0
0.25,0.25,0.039215686,0.039215686,0.172711572,0.172711572,0.172711572,0.172711572,0.0,0.0,0.0,0.235294118,0.039215686,4.0,3.0,0.0,3.0,0.0,1438.875,1.3671875,27.5,337.5,11.0,1300.0,0.0,34.0,20.0
0.377906977,0.377906977,0.046511628,0.046511628,0.116663675,0.116663675,0.116663675,0.116663675,0.116663675,0.046511628,0.0,0.11627907,0.046511628,3.0,2.0,0.0,3.0,0.0,916.2727272727273,1.2954545454545454,45.45454545454545,150.0,0.0,0.0,3.0,74.44444444444444,155.0
0.36440678,0.36440678,0.050847458,0.203389831,0.118602695,0.118602695,0.118602695,0.118602695,0.118602695,0.016949153,0.0,0.118602695,0.0,4.0,4.0,0.0,0.0,0.0,1910.62,1.388,72.0,114.0,0.0,0.0,3.8,13.0,0.0
0.0,0.0,0.046511628,0.046511628,0.246575343,0.246575343,0.178082192,0.178082192,0.0,0.023255814,0.0,0.273972603,0.0,3.0,0.0,3.0,0.0,0.0,1183.2625,0.78125,48.125,29.4,0.0,0.0,3.75,0.0,0.0
