pre_village,hhs,hot_pepper_tins_organic_pesticides,derris_tin_organic_pesticides,neem_kg_organic_pesticides,onions_bags_organic_pesticides,tephrosia_kgs_organic_pesticides,garlic_kgs_organic_pesticides,ginger_kgs_organic_pesticides,plastic_tanks_120_ltrs_liquid_manure,sacks_liquid_manure,sisal_rope_liquid_manure,filter_liquid_manure,mortar_&_pestle_liquid_manure,hoes_tools,spades_tools,pick_axes_tools,forked_spades_tools,forked_hoes_tools,pangas_tools,secateurs_tools,gloves_tools,wheelbarrows_tools,trowels_tools,watering_cans_tools,jerrican_tools,spray_pumps_tools,turplins_tools,Beans_seeds,Maize_seeds,Soyabean_seeds,Gnuts_seeds,Onions(Basin)_seeds,Rice_seeds,Field Peas_seeds,Sweet potatoes(Bags),Millet_seeds,Irish Potatoes_seeds,Cassava (bags),Mugavu tree seedlings,Onions (Kg)_seeds,Millet.1_seeds,pre_district,GPS-Altitude,hhh_age,Land_size_agriculture,Time_to_collect_Water_for_Household_use_Minutes,Beans_total_yield,Irish_potatoes_total_yield,Cassava_total_yield,Sorghum_total_yield,Maize_total_yield,Millet_total_yield,Onions_total_yield,Sweet_potatoes_total_yield,Ground_Nuts_total_yield,Food_banana_total_yield,Coffee_total_yield,cohort,Agriculture Value (USD)
Bugarura,68.0,0.020408163,0.0,0.0,0.040816327,0.010204082,0.346938776,0.346938776,0.040816327,0.040816327,0.040816327,0.040816327,0.040816327,0.08624954,0.08624954,0.08624954,0.0,0.08624954,0.08624954,0.0,0.0,0.040816327,0.081632653,0.081632653,0.0,0.040816327,0.0,4.0,4.0,,4.0,,,,,,,,,,,Kanungu,1471.4166666666667,47.166666666666664,1.3,46.083333333333336,280.7142857142857,,11.0,,1300.0,,,3.0,,48.5,45.0,2021,970.0637485217392
Buhumuriro,72.0,0.020618557,0.0,0.0,0.041237113,0.0,0.371134021,0.371134021,0.0,0.041237113,0.041237113,0.041237113,0.041237113,0.096775494,0.096775494,0.096775494,0.0,0.096775494,0.096775494,0.0,0.0,0.041237113,0.0,0.096775494,0.0,0.0,0.0,3.0,,3.0,3.0,,,,,,,,,,,Rukungiri,0.0,50.75,1.1500000000000001,48.75,145.0,,,250.0,30.0,,,7.0,,148.66666666666666,,2021,1037.761526182353
Bujerengye,72.0,0.027777778,0.0,0.0,0.055555556,0.013888889,0.25,0.25,0.055555556,0.055555556,0.0,0.055555556,0.055555556,0.172711572,0.172711572,0.172711572,0.0,0.172711572,0.0,0.0,0.0,0.0,0.0,0.25,0.0,0.055555556,0.0,4.0,3.0,,3.0,,,,,,,,,,,Kanungu,1461.0,49.625,1.209375,33.875,80.0,,,,23.0,,,,,33.6,47.2,2021,650.4112408090909
Burambo,118.0,0.010810811,0.0,0.0,0.021621622,0.0,0.318918919,0.318918919,0.064864865,0.259459459,0.010810811,0.086486486,0.086486486,0.103797858,0.103797858,0.103797858,0.0,0.103797858,0.103797858,0.0,0.0,0.021621622,0.0,0.103797858,0.0,0.0,0.207595716,4.0,4.0,,,,,4.0,,,,,,,,Rubanda,2020.109090909091,50.09090909090909,0.7599999999999999,71.9090909090909,139.33333333333334,5.0,,,,,,5.2,,5.0,,2021,671.5100901083333
Buranda,74.0,0.018691589,0.0,0.0,0.037383178,0.009345794,0.345794393,0.345794393,0.037383178,0.037383178,0.018691589,0.037383178,0.037383178,0.096590612,0.096590612,0.096590612,0.0,0.096590612,0.096590612,0.0,0.0,0.037383178,0.093457944,0.093457944,0.0,0.037383178,0.0,4.0,3.0,,4.0,,,,,,,,,,,Kanungu,1276.0,44.53846153846154,1.75,46.92307692307692,415.625,,10.5,,1300.0,60.0,,7.5,,87.5,97.5,2021,872.9433719095238
Burera,103.0,20.0,0.0,0.0,0.5,0.0,0.0,0.0,0.0,0.0,0.0,0.038834951,0.038834951,0.140350877,0.140350877,0.140350877,0.0,0.140350877,0.0,0.0,0.0,0.019417476,0.0,0.187134503,0.0,0.019417476,0.0,4.0,,4.0,3.0,,,,,,,,,,,Rukungiri,822.3333333333334,44.833333333333336,1.1708333333333334,32.083333333333336,98.75,,,,32.0,,,8.95,,149.0,100.0,2021,672.1418918708333
Bushure,130.0,0.010810811,0.0,0.0,0.021621622,0.0,0.0,0.0,0.064864865,0.259459459,0.010810811,0.086486486,0.086486486,0.093944212,0.093944212,0.093944212,0.0,0.093944212,0.093944212,0.0,0.0,0.021621622,0.0,0.093944212,0.0,0.0,0.187888423,3.0,3.0,,,,,3.0,,,,,,,,Rubanda,1998.0,54.333333333333336,0.5833333333333334,71.66666666666667,109.33333333333333,7.25,,152.5,,,,27.714285714285715,,,,2021,542.0343980424242
Butoboore,80.0,0.017391304,0.0,0.0,0.034782609,0.0,0.347826087,0.347826087,0.104347826,0.417391304,0.0,0.139130435,0.139130435,0.113206212,0.113206212,0.113206212,0.0,0.113206212,0.113206212,0.0,0.0,0.034782609,0.0,0.113206212,0.0,0.0,0.226412424,4.0,4.0,,,,,4.0,,,,,,,,Rubanda,2069.9727272727273,36.90909090909091,1.5772727272727274,71.36363636363636,184.1,,,140.0,,,,6.833333333333333,,7.0,,2021,750.6216216142857
Butusi,135.0,0.010416667,0.0,0.0,0.020833333,0.0,0.0,0.0,0.0625,0.25,0.0,0.083333333,0.083333333,0.094000668,0.094000668,0.094000668,0.0,0.094000668,0.094000668,0.0,0.0,0.020833333,0.0,0.094000668,0.0,0.0,0.188001337,3.0,3.0,,,,,3.0,,,,,,,,Rubanda,1540.7666666666667,59.666666666666664,1.7055555555555557,59.44444444444444,102.0,11.0,,,,,,3.75,,40.0,,2021,543.2736883911765
Byumba,166.0,0.008695652,0.0,0.0,0.017391304,0.004347826,0.360869565,0.360869565,0.017391304,0.017391304,0.0,0.017391304,0.017391304,0.089712757,0.089712757,0.089712757,0.0,0.089712757,0.089712757,0.0,0.0,0.017391304,0.086956522,0.086956522,0.0,0.017391304,0.0,4.0,4.0,,4.0,,,,,,,,,,,Kanungu,1478.5,47.0,1.183,35.0,488.0,,10.0,,1300.0,60.0,,7.5,,104.0,37.5,2021,802.00833335
Ibarya,87.0,0.022988506,0.0,0.0,0.045977011,0.011494253,0.5,0.5,0.045977011,0.045977011,0.045977011,0.045977011,0.045977011,0.172711572,0.172711572,0.172711572,0.0,0.172711572,0.0,0.0,0.0,0.0,0.0,0.252873563,0.0,0.045977011,0.0,4.0,3.0,,3.0,,,,,,,,,,,Kanungu,1325.5833333333333,48.166666666666664,0.8916666666666666,52.5,333.75,,11.0,,1300.0,,,10.0,,41.0,51.833333333333336,2021,762.4864864590909
Iterero,79.0,0.0,0.0,0.0,0.0,0.0,0.5,0.5,0.050632911,0.050632911,0.050632911,0.050632911,0.050632911,0.224719101,0.187265918,0.0,0.187265918,0.0,0.050632911,0.0,0.0,0.0,0.0,0.0,0.075949367,0.0,0.0,4.0,,4.0,4.0,,,,,,,,,,,Rukungiri,1286.7,47.25,0.875,26.666666666666668,142.14285714285714,4.5,,,200.0,,,4.333333333333333,130.0,45.55555555555556,25.0,2021,724.4769143958333
Kababagi,102.0,0.0,0.0,0.0,0.0,0.0,0.5,0.5,0.039215686,0.039215686,0.0,0.039215686,0.039215686,0.224719101,0.187265918,0.0,0.187265918,0.0,0.039215686,0.0,0.0,0.0,0.0,0.0,0.058823529,0.0,0.0,4.0,,4.0,4.0,,,,,,,,,,,Rukungiri,883.6083333333332,49.0,0.6458333333333334,35.0,123.5,,,,90.0,,,,,61.36363636363637,50.0,2021,680.7273998034483
Kabaranga,77.0,0.025974026,0.0,0.0,0.051948052,0.0,0.0,0.0,0.051948052,0.051948052,0.051948052,0.051948052,0.051948052,0.0,0.0,0.0,0.0,0.0,0.0,0.0,0.0,0.0,0.0,0.0,0.0,0.0,0.0,4.0,,4.0,3.0,,,,,,,,,,,Rukungiri,0.0,47.90909090909091,1.05,91.0909090909091,110.18181818181819,,4.25,,78.57142857142857,,,6.85,,160.0,231.66666666666666,2021,697.0231727652174
Kabingo,86.0,20.0,0.0,0.0,0.5,0.0,0.0,0.0,0.0,0.0,0.0,0.046511628,0.046511628,0.140350877,0.140350877,0.140350877,0.0,0.140350877,0.0,0.0,0.0,0.023255814,0.0,0.187134503,0.0,0.023255814,0.0,4.0,,4.0,3.0,,,,,,,,,,,Rukungiri,1245.9727272727273,51.45454545454545,0.6590909090909091,53.63636363636363,141.44444444444446,,2.5,,106.0,,,18.166666666666668,,75.0,80.0,2021,631.774915559375
Kabirizi,59.0,0.025,0.0,0.0,0.05,0.0125,0.36875,0.36875,0.05,0.05,0.0,0.05,0.05,0.091671846,0.091671846,0.091671846,0.0,0.091671846,0.091671846,0.0,0.0,0.05,0.1,0.1,0.0,0.05,0.0,4.0,4.0,,4.0,,,,,,,,,,,Kanungu,1475.0,54.916666666666664,1.681,80.0,345.0,,2.0,,1300.0,,,3.0,,73.66666666666667,150.0,2021,771.8716216608696
Kacence,84.5,10.0,0.0,0.0,0.25,0.0,0.25,0.25,0.037735849,0.037735849,0.0,0.0549772285,0.0549772285,0.182534989,0.1638083975,0.0701754385,0.093632959,0.0701754385,0.037735849,0.0,0.0,0.0086206895,0.0,0.0935672515,0.0566037735,0.0086206895,0.0,4.0,,4.0,3.5,,,,,,,,,,,Rukungiri,878.3125,50.875,1.3017708333333333,44.166666666666664,145.15,6.0,7.5,70.0,58.2,,135.0,10.333333333333334,,140.52173913043478,178.7,2021,790.0639419902438
Kacerere,182.0,0.007751938,0.0,0.0,0.015503876,0.003875969,0.352713178,0.352713178,0.015503876,0.015503876,0.0,0.015503876,0.015503876,0.087685066,0.087685066,0.087685066,0.0,0.087685066,0.087685066,0.0,0.0,0.015503876,0.085271318,0.085271318,0.0,0.015503876,0.0,4.0,4.0,,4.0,,,,,,,,,,,Kanungu,1502.0,50.083333333333336,1.175,56.666666666666664,426.22222222222223,,,,1300.0,,,17.0,,44.333333333333336,15.0,2021,942.008445965625
Kafunjo,89.0,0.02247191,0.0,0.0,0.04494382,0.02247191,0.5,0.5,0.02247191,0.04494382,0.0,0.04494382,0.04494382,0.166865316,0.166865316,0.166865316,0.0,0.166865316,0.119189511,0.0,0.0,0.04494382,0.112359551,0.157303371,0.0,0.04494382,0.0,4.0,2.0,,4.0,,,,,,,,,,,Mitooma,0.0,40.7,1.4060000000000001,48.5,66.4,20.75,,,,,,3.0,,30.0,113.33333333333333,2021,966.6413288583334
Kagaana,92.0,0.015151515,0.0,0.0,0.03030303,0.0,0.348484848,0.348484848,0.090909091,0.363636364,0.0,0.121212121,0.121212121,0.113420618,0.113420618,0.113420618,0.0,0.113420618,0.113420618,0.0,0.0,0.03030303,0.0,0.113420618,0.0,0.0,0.226841236,4.0,4.0,,,,,4.0,,,,,,,,Rubanda,1986.8500000000001,39.083333333333336,1.39,58.75,152.25,4.0,,150.0,,,,3.6666666666666665,,4.0,,2021,659.3233591357142
Kagorogoro,99.0,0.02020202,0.0,0.0,0.04040404,0.0,0.0,0.0,0.04040404,0.04040404,0.04040404,0.04040404,0.04040404,0.0,0.0,0.0,0.0,0.0,0.0,0.0,0.0,0.0,0.0,0.0,0.0,0.0,0.0,4.0,,4.0,3.0,,,,,,,,,,,Rukungiri,0.0,35.1,1.403,20.7,101.25,,,90.0,,,,,,93.625,35.0,2021,719.2608695173913
Kagyeyo,116.0,0.012121212,0.0,0.0,0.024242424,0.0,0.351515152,0.351515152,0.0,0.024242424,0.0,0.024242424,0.024242424,0.091659753,0.091659753,0.091659753,0.0,0.091659753,0.091659753,0.0,0.0,0.024242424,0.0,0.091659753,0.0,0.0,0.0,3.0,,3.0,3.0,,,,,,,,,,,Rukungiri,0.0,48.833333333333336,1.0374999999999999,38.333333333333336,120.0,,2.5,,40.0,,,13.0,,129.0,25.0,2021,854.0253378458333
Kahama,68.0,0.029411765,0.0,0.0,0.058823529,0.0,0.0,0.0,0.058823529,0.058823529,0.058823529,0.058823529,0.058823529,0.0,0.0,0.0,0.0,0.0,0.0,0.0,0.0,0.0,0.0,0.0,0.0,0.0,0.0,4.0,,4.0,3.0,,,,,,,,,,,Rukungiri,1865.5099999999998,42.7,1.61,16.9,136.2,,,,,,,,,61.5,2.0,2021,881.8507637565218
Kahara,97.0,0.0,0.0,0.0,0.0,0.0,0.5,0.5,0.041237113,0.041237113,0.0,0.041237113,0.041237113,0.224719101,0.187265918,0.0,0.187265918,0.0,0.041237113,0.0,0.0,0.0,0.0,0.0,0.06185567,0.0,0.0,4.0,,4.0,4.0,,,,,,,,,,,Rukungiri,1879.1363636363637,56.0,2.1295454545454544,47.09090909090909,127.0,,,,,,,2.0,,69.88888888888889,160.0,2021,758.2082309136364
Kairabwa,132.0,0.015151515,0.0,0.0,0.03030303,0.015151515,0.5,0.5,0.015151515,0.03030303,0.015151515,0.03030303,0.03030303,0.166865316,0.166865316,0.166865316,0.0,0.166865316,0.119189511,0.0,0.0,0.03030303,0.121212121,0.166666667,0.0,0.03030303,0.0,4.0,2.0,,4.0,,,,,,,,,,,Mitooma,590.9166666666666,46.916666666666664,0.975,47.083333333333336,72.14285714285714,,2.0,,,,,2.3333333333333335,,36.333333333333336,9.8,2021,587.1371371555556
Kakarisa,130.0,0.011173184,0.0,0.0,0.022346369,0.0,0.363128492,0.363128492,0.067039106,0.268156425,0.0,0.089385475,0.089385475,0.118186653,0.118186653,0.118186653,0.0,0.118186653,0.118186653,0.0,0.0,0.022346369,0.0,0.118186653,0.0,0.0,0.236373306,4.0,4.0,,,,,4.0,,,,,,,,Rubanda,1905.55,53.833333333333336,1.3455000000000001,88.33333333333333,153.11111111111111,9.2,,,,,,7.857142857142857,,23.333333333333332,,2021,695.7567567054546
Kakimba,53.0,0.037735849,0.0,0.0,0.075471698,0.037735849,0.5,0.5,0.037735849,0.075471698,0.0,0.075471698,0.075471698,0.120378332,0.120378332,0.120378332,0.0,0.120378332,0.120378332,0.0,0.0,0.075471698,0.0,0.113207547,0.0,0.075471698,0.0,4.0,3.0,,4.0,,,,,,,,,,,Mitooma,1157.909090909091,51.09090909090909,1.0738636363636365,34.09090909090909,51.333333333333336,,,,,,,7.0,,53.333333333333336,162.44444444444446,2021,570.670810792
Kakyeza,77.0,0.018348624,0.0,0.0,0.036697248,0.0,0.353211009,0.353211009,0.036697248,0.036697248,0.0,0.036697248,0.036697248,0.109039782,0.109039782,0.109039782,0.0,0.109039782,0.109039782,0.0,0.0,0.036697248,0.0,0.110091743,0.0,0.036697248,0.0,3.0,2.0,,3.0,,,,,,,,,,,Mitooma,1438.3636363636363,50.90909090909091,0.5681818181818182,53.63636363636363,56.857142857142854,20.0,2.0,,75.0,64.0,,3.375,17.0,29.5,9.0,2021,487.83502256
Kamabare,98.0,0.020408163,0.0,0.0,0.040816327,0.020408163,0.5,0.5,0.020408163,0.040816327,0.0,0.040816327,0.040816327,0.120378332,0.120378332,0.120378332,0.0,0.120378332,0.120378332,0.0,0.0,0.040816327,0.0,0.12244898,0.0,0.040816327,0.0,4.0,3.0,,4.0,,,,,,,,,,,Mitooma,562.0833333333334,34.916666666666664,0.5023333333333334,77.5,76.25,,,,,50.0,,3.25,,37.142857142857146,81.11111111111111,2021,744.4453583826087
Kamuhozi,104.0,0.014925373,0.0,0.0,0.029850746,0.0,0.0,0.0,0.029850746,0.029850746,0.0,0.029850746,0.029850746,0.103384126,0.103384126,0.103384126,0.0,0.103384126,0.103384126,0.0,0.0,0.029850746,0.103384126,0.0,0.0,0.0,0.0,3.0,,3.0,3.0,,,,,,,,,,,Rukungiri,1138.99,54.7,1.54,42.5,111.66666666666667,,0.5,150.0,135.0,,,10.0,,103.6,60.0,2021,621.018018
Kanganga,59.0,0.024691358,0.0,0.0,0.049382716,0.0,0.364197531,0.364197531,0.049382716,0.049382716,0.0,0.049382716,0.049382716,0.112431432,0.112431432,0.112431432,0.0,0.112431432,0.112431432,0.0,0.0,0.049382716,0.0,0.12345679,0.0,0.049382716,0.0,3.0,2.0,,3.0,,,,,,,,,,,Mitooma,922.0,66.33333333333333,2.2305555555555556,36.111111111111114,85.75,,2.5,,,,,6.833333333333333,,58.333333333333336,47.0,2021,1205.71824324
Kangyeyo,129.0,0.011049724,0.0,0.0,0.022099448,0.005524862,0.356353591,0.356353591,0.022099448,0.022099448,0.0,0.022099448,0.022099448,0.099540109,0.099540109,0.099540109,0.0,0.099540109,0.099540109,0.0,0.0,0.022099448,0.099447514,0.099447514,0.0,0.022099448,0.0,4.0,3.0,,4.0,,,,,,,,,,,Kanungu,1341.5833333333333,49.916666666666664,2.9575,44.166666666666664,375.0,,,,1300.0,,,,,66.0,87.5,2021,943.235321537931
Kanoni,110.0,0.013333333,0.0,0.0,0.026666667,0.006666667,0.366666667,0.366666667,0.026666667,0.026666667,0.0,0.026666667,0.026666667,0.091153926,0.091153926,0.091153926,0.0,0.091153926,0.091153926,0.0,0.0,0.026666667,0.093333333,0.093333333,0.0,0.026666667,0.0,4.0,4.0,,4.0,,,,,,,,,,,Kanungu,1354.4166666666667,48.25,5.497916666666666,77.5,446.5,,11.0,,1300.0,,,,,20.0,12.5,2021,729.9027026733332
Kanyabutaye,58.0,20.0,0.0,0.0,0.5,0.0,0.0,0.0,0.0,0.0,0.0,0.068965517,0.068965517,0.140350877,0.140350877,0.140350877,0.0,0.140350877,0.0,0.0,0.0,0.034482759,0.0,0.187134503,0.0,0.034482759,0.0,4.0,,4.0,3.0,,,,,,,,,,,Rukungiri,842.775,42.583333333333336,1.3150000000000002,57.5,171.28571428571428,,,,76.66666666666667,,,19.333333333333332,,40.0,5.0,2021,654.2563208516128
Kanyankwanzi,61.0,0.022222222,0.0,0.0,0.044444444,0.0,0.338888889,0.338888889,0.133333333,0.533333333,0.0,0.177777778,0.177777778,0.110297441,0.110297441,0.110297441,0.0,0.110297441,0.110297441,0.0,0.0,0.044444444,0.0,0.110297441,0.0,0.0,0.220594883,4.0,4.0,,,,,4.0,,,,,,,,Rubanda,2050.4,40.833333333333336,1.21875,92.08333333333333,188.6,9.1,,175.0,,,,7.375,,21.0,,2021,573.02162162
Karokarungi,56.0,0.035714286,0.0,0.0,0.071428571,0.035714286,0.5,0.5,0.035714286,0.071428571,0.0,0.071428571,0.071428571,0.168954593,0.168954593,0.168954593,0.0,0.168954593,0.105596621,0.0,0.0,0.071428571,0.0,0.178571429,0.0,0.071428571,0.0,4.0,,3.0,3.0,,,,,,,,,,,Mitooma,570.1666666666666,42.0,1.6025,43.333333333333336,80.0,,0.0,,,,,,40.0,0.0,,2021,545.3036566117647
Karondo,196.0,0.007142857,0.0,0.0,0.014285714,0.0,0.35,0.333928571,0.042857143,0.171428571,0.007142857,0.057142857,0.057142857,0.106666667,0.106666667,0.106666667,0.0,0.106666667,0.106666667,0.0,0.0,0.014285714,0.0,0.106666667,0.0,0.0,0.177777778,4.0,4.0,,,,,4.0,,,,,,,,Rubanda,2004.9363636363635,40.63636363636363,0.7085909090909092,52.81818181818182,98.0,,,,,,,5.0,,23.333333333333332,,2021,773.7944307939393
Karukare,65.0,0.023255814,0.0,0.0,0.046511628,0.0,0.377906977,0.377906977,0.046511628,0.046511628,0.0,0.046511628,0.046511628,0.116663675,0.116663675,0.116663675,0.0,0.116663675,0.116663675,0.0,0.0,0.046511628,0.0,0.11627907,0.0,0.046511628,0.0,3.0,2.0,,3.0,,,,,,,,,,,Mitooma,916.2727272727273,47.45454545454545,1.2954545454545454,45.45454545454545,150.0,,,,,,,3.0,,74.44444444444444,155.0,2021,390.96193693541665
Karukonjo,102.0,0.014492754,0.0,0.0,0.028985507,0.0,0.0,0.0,0.028985507,0.028985507,0.0,0.028985507,0.028985507,0.098456956,0.098456956,0.098456956,0.0,0.098456956,0.098456956,0.0,0.0,0.028985507,0.098456956,0.0,0.0,0.0,0.0,3.0,,3.0,3.0,,,,,,,,,,,Rukungiri,1526.5166666666667,51.416666666666664,1.3458333333333332,48.333333333333336,135.0,,3.75,,60.0,,,15.0,,114.71428571428571,30.0,2021,627.6362612624999
Kashambya,73.0,0.02739726,0.0,0.0,0.054794521,0.02739726,0.5,0.5,0.02739726,0.054794521,0.0,0.054794521,0.054794521,0.166865316,0.166865316,0.166865316,0.0,0.166865316,0.119189511,0.0,0.0,0.054794521,0.109589041,0.164383562,0.0,0.054794521,0.0,4.0,2.0,,4.0,,,,,,,,,,,Mitooma,1147.3333333333333,51.083333333333336,1.3666666666666665,75.83333333333333,102.14285714285714,,20.0,,,,,2.0,,70.0,236.66666666666666,2021,696.3688688518519
Kashambya_Mugyera,177.0,0.007751938,0.0,0.0,0.015503876,0.0,0.0,0.0,0.046511628,0.186046512,0.0,0.062015504,0.062015504,0.091717448,0.091717448,0.091717448,0.0,0.091717448,0.091717448,0.0,0.0,0.015503876,0.0,0.091717448,0.0,0.0,0.183434896,3.0,3.0,,,,,3.0,,,,,,,,Rubanda,2032.9499999999998,48.875,2.55,50.0,196.66666666666666,13.0,,,,,,7.4,,10.0,,2021,429.65696466076923
Kashasha_Ikumba,187.0,0.007874016,0.0,0.0,0.015748031,0.0,0.368110236,0.368110236,0.047244094,0.188976378,0.0,0.062992126,0.062992126,0.112185977,0.112185977,0.112185977,0.0,0.112185977,0.112185977,0.0,0.0,0.015748031,0.0,0.112185977,0.0,0.0,0.186976628,4.0,4.0,,,,,4.0,,,,,,,,Rubanda,1977.65,47.3,1.04,61.5,107.44444444444444,12.666666666666666,,,,,,5.1875,,26.666666666666668,,2021,713.2235872212121
Kataburaza,96.0,0.015151515,0.0,0.0,0.03030303,0.007575758,0.363636364,0.363636364,0.03030303,0.03030303,0.0,0.03030303,0.03030303,0.101574403,0.101574403,0.101574403,0.0,0.101574403,0.101574403,0.0,0.0,0.03030303,0.106060606,0.106060606,0.0,0.03030303,0.0,4.0,3.0,,4.0,,,,,,,,,,,Kanungu,1343.7272727272727,49.63636363636363,1.945681818181818,16.636363636363637,190.2,,11.0,,1300.0,,,19.333333333333332,,14.666666666666666,28.333333333333332,2021,855.30864862
Katembe,59.0,0.033898305,0.0,0.0,0.06779661,0.016949153,0.25,0.25,0.06779661,0.06779661,0.0,0.06779661,0.06779661,0.185430464,0.169491525,0.185430464,0.0,0.169491525,0.0,0.0,0.0,0.0,0.0,0.169491525,0.0,0.06779661,0.0,5.0,4.0,,5.0,,,,,,,,,,,Kanungu,1324.25,56.75,1.1445833333333333,20.916666666666668,289.7142857142857,,,,1300.0,130.0,,8.25,,96.25,70.83333333333333,2021,735.0467342458334
Katojo,348.0,0.003590664,0.0,0.0,0.007181329,0.0,0.312387792,0.312387792,0.021543986,0.086175943,0.0,0.028725314,0.028725314,0.095203898,0.095203898,0.095203898,0.0,0.095203898,0.095203898,0.0,0.0,0.007181329,0.0,0.095203898,0.0,0.0,0.158673164,4.0,4.0,,,,,4.0,,,,,,,,Rubanda,1798.9181818181817,43.90909090909091,0.3181818181818182,42.27272727272727,152.0,84.0,,,,,,10.0,,12.5,,2021,678.73855858
Katungu,186.0,0.024390244,0.0,0.0,0.048780488,0.0,0.0,0.0,0.048780488,0.048780488,0.048780488,0.048780488,0.048780488,0.302151261,0.302151261,0.302151261,0.0,0.302151261,0.302151261,0.0,0.0,0.048780488,0.302151261,0.0,0.0,0.0,0.0,3.0,,3.0,3.0,,,,,,,,,,,Rukungiri,1844.7400000000002,55.4,1.7600000000000002,109.5,75.0,,,,,,,3.0,,156.1,101.66666666666667,2021,765.2325450166667
Kazahi,90.0,0.015625,0.0,0.0,0.03125,0.0078125,0.3515625,0.3515625,0.03125,0.03125,0.0,0.03125,0.03125,0.087399006,0.087399006,0.087399006,0.0,0.087399006,0.087399006,0.0,0.0,0.03125,0.09375,0.09375,0.0,0.03125,0.0,4.0,4.0,,4.0,,,,,,,,,,,Kanungu,1553.909090909091,47.63636363636363,1.6159090909090912,39.54545454545455,327.5,,8.0,,1300.0,,,3.0,,117.5,129.0,2021,770.3724012576923
Kazindiro_Nangara,128.0,0.010695187,0.0,0.0,0.021390374,0.0,0.342245989,0.342245989,0.064171123,0.256684492,0.0,0.085561497,0.085561497,0.11139007,0.11139007,0.11139007,0.0,0.11139007,0.11139007,0.0,0.0,0.021390374,0.0,0.11139007,0.0,0.0,0.222780139,4.0,4.0,,,,,4.0,,,,,,,,Rubanda,1940.0249999999999,52.666666666666664,1.39625,43.166666666666664,122.66666666666667,5.75,,,,,,8.5,,10.0,,2021,664.4001743774194
Kengyeya,135.0,0.014814815,0.0,0.0,0.02962963,0.014814815,0.5,0.5,0.014814815,0.02962963,0.0,0.02962963,0.02962963,0.168954593,0.168954593,0.168954593,0.0,0.168954593,0.105596621,0.0,0.0,0.02962963,0.0,0.162962963,0.0,0.02962963,0.0,4.0,,3.0,3.0,,,,,,,,,,,Mitooma,0.0,51.333333333333336,1.5854166666666665,43.333333333333336,220.0,,4.0,,,,,6.0,,0.0,,2021,550.6576576900001
Kibeho,87.0,0.015625,0.0,0.0,0.03125,0.0,0.0,0.0,0.03125,0.03125,0.0,0.03125,0.03125,0.090538773,0.090538773,0.090538773,0.0,0.090538773,0.090538773,0.0,0.0,0.03125,0.090538773,0.0,0.0,0.0,0.0,3.0,,3.0,3.0,,,,,,,,,,,Rukungiri,1807.6833333333334,51.916666666666664,1.175,32.5,140.0,,,,,,,,,56.6,100.0,2021,697.9976658363637
Kibishamwika,74.0,0.027027027,0.0,0.0,0.054054054,0.027027027,0.5,0.5,0.027027027,0.054054054,0.0,0.054054054,0.054054054,0.120378332,0.120378332,0.120378332,0.0,0.120378332,0.120378332,0.0,0.0,0.054054054,0.0,0.108108108,0.0,0.054054054,0.0,4.0,3.0,,4.0,,,,,,,,,,,Mitooma,1251.090909090909,49.27272727272727,1.5727272727272725,75.45454545454545,112.57142857142857,,2.0,,,,,3.0,,125.0,166.66666666666666,2021,629.0900901083334
Kigarama,67.0,20.0,0.0,0.0,0.5,0.0,0.0,0.0,0.0,0.0,0.0,0.059701493,0.059701493,0.140350877,0.140350877,0.140350877,0.0,0.140350877,0.0,0.0,0.0,0.029850746,0.0,0.187134503,0.0,0.029850746,0.0,4.0,,4.0,3.0,,,,,,,,,,,Rukungiri,1597.2166666666665,47.75,1.06183125,64.16666666666667,97.875,,,,,,,3.0,,84.22222222222223,67.5,2021,742.5166666633334
Kigongi,172.0,0.008474576,0.0,0.0,0.016949153,0.0,0.36440678,0.36440678,0.050847458,0.203389831,0.0,0.06779661,0.06779661,0.118602695,0.118602695,0.118602695,0.0,0.118602695,0.118602695,0.0,0.0,0.016949153,0.0,0.118602695,0.0,0.0,0.237205389,4.0,4.0,,,,,4.0,,,,,,,,Rubanda,1910.6200000000001,51.5,1.3880000000000001,72.0,114.0,6.0,,,,,,3.8,,13.0,,2021,733.1855855333334
Kigoyi,61.0,0.025641026,0.0,0.0,0.051282051,0.0,0.391025641,0.391025641,0.0,0.051282051,0.0,0.051282051,0.051282051,0.101962358,0.101962358,0.101962358,0.0,0.101962358,0.101962358,0.0,0.0,0.051282051,0.0,0.101962358,0.0,0.0,0.0,3.0,,3.0,3.0,,,,,,,,,,,Rukungiri,1536.8454545454545,54.0,0.75,33.63636363636363,98.57142857142857,,5.5,,52.5,,,4.375,,80.0,82.0,2021,818.9783783633334
Kihorongwa,65.0,0.021978022,0.0,0.0,0.043956044,0.0,0.357142857,0.357142857,0.131868132,0.527472527,0.0,0.175824176,0.175824176,0.116238521,0.116238521,0.116238521,0.0,0.116238521,0.116238521,0.0,0.0,0.043956044,0.0,0.116238521,0.0,0.0,0.232477043,4.0,4.0,,,,,4.0,,,,,,,,Rubanda,2007.8999999999999,48.416666666666664,0.19583333333333333,78.08333333333333,141.75,6.0,,130.0,,,,45.611111111111114,,40.0,,2021,727.3452088136364
Kihumuro,76.0,0.026315789,0.0,0.0,0.052631579,0.013157895,0.25,0.25,0.052631579,0.052631579,0.0,0.052631579,0.052631579,0.172711572,0.172711572,0.172711572,0.0,0.172711572,0.0,0.0,0.0,0.0,0.0,0.236842105,0.0,0.052631579,0.0,4.0,3.0,,3.0,,,,,,,,,,,Kanungu,1413.7272727272727,43.0,1.0909090909090908,22.727272727272727,216.625,,11.0,28.0,1300.0,75.0,,,,64.66666666666667,86.25,2021,788.4238328727272
Kiniogo,57.0,0.0,0.0,0.0,0.0,0.0,0.5,0.5,0.070175439,0.070175439,0.0,0.070175439,0.070175439,0.224719101,0.187265918,0.0,0.187265918,0.0,0.070175439,0.0,0.0,0.0,0.0,0.0,0.105263158,0.0,0.0,4.0,,4.0,4.0,,,,,,,,,,,Rukungiri,0.0,55.083333333333336,0.8250000000000001,14.583333333333334,75.4,,,,60.0,,,9.0,,81.42857142857143,75.0,2021,666.1486486125
Kinisya,103.0,0.0,0.0,0.0,0.0,0.0,0.5,0.5,0.038834951,0.038834951,0.0,0.038834951,0.038834951,0.224719101,0.187265918,0.0,0.187265918,0.0,0.038834951,0.0,0.0,0.0,0.0,0.0,0.058252427,0.0,0.0,4.0,,4.0,4.0,,,,,,,,,,,Rukungiri,1754.8666666666668,39.416666666666664,0.46883333333333327,15.416666666666666,95.28571428571429,,,90.0,360.0,,,10.5,,22.75,200.0,2021,782.9377559242424
Kirama,96.0,0.020833333,0.0,0.0,0.041666667,0.020833333,0.5,0.5,0.020833333,0.041666667,0.0,0.041666667,0.041666667,0.120378332,0.120378332,0.120378332,0.0,0.120378332,0.120378332,0.0,0.0,0.041666667,0.0,0.125,0.0,0.041666667,0.0,4.0,3.0,,4.0,,,,,,,,,,,Mitooma,613.4545454545455,48.18181818181818,1.3263636363636364,40.90909090909091,133.4,,,,35.0,110.0,,4.0,,25.0,120.0,2021,484.2397179695652
Kishanda,142.0,0.010638298,0.0,0.0,0.021276596,0.005319149,0.377659574,0.377659574,0.021276596,0.021276596,0.0,0.021276596,0.021276596,0.09388678,0.09388678,0.09388678,0.0,0.09388678,0.09388678,0.0,0.0,0.021276596,0.095744681,0.095744681,0.0,0.021276596,0.0,4.0,4.0,,4.0,,,,,,,,,,,Kanungu,1361.7857142857142,47.57142857142857,1.8360714285714288,44.642857142857146,424.22222222222223,,,,1300.0,,,10.0,,90.0,66.0,2021,762.7688723172413
Kishegyere,244.0,0.00625,0.0,0.0,0.0125,0.003125,0.38125,0.38125,0.0125,0.0125,0.0,0.0125,0.0125,0.094779366,0.094779366,0.094779366,0.0,0.094779366,0.094779366,0.0,0.0,0.0125,0.09375,0.09375,0.0,0.0125,0.0,4.0,4.0,,4.0,,,,,,,,,,,Kanungu,1482.0,44.916666666666664,1.8666666666666665,48.333333333333336,452.0,,11.0,,998.75,,,3.0,,64.0,17.5,2021,917.5155155555556
Kitabugika_Mugyera,127.0,0.011560694,0.0,0.0,0.023121387,0.0,0.0,0.0,0.069364162,0.277456647,0.0,0.092485549,0.092485549,0.098142252,0.098142252,0.098142252,0.0,0.098142252,0.098142252,0.0,0.0,0.023121387,0.0,0.098142252,0.0,0.0,0.196284504,3.0,3.0,,,,,3.0,,,,,,,,Rubanda,2394.3250000000003,50.083333333333336,0.9479166666666666,280.8333333333333,180.375,8.0,,,,,,35.214285714285715,,10.0,,2021,639.744744762963
Kitahurira,304.0,0.00408998,0.0,0.0,0.008179959,0.0,0.310838446,0.310838446,0.024539877,0.098159509,0.0,0.032719836,0.032719836,0.094731717,0.094731717,0.094731717,0.0,0.094731717,0.094731717,0.0,0.0,0.008179959,0.0,0.094731717,0.0,0.0,0.157886195,4.0,4.0,,,,,4.0,,,,,,,,Rubanda,2121.16,56.6,0.7413000000000001,48.5,135.375,8.0,,,,,,4.8,,,,2021,672.5252252566667
Kitebwe,60.0,0.025974026,0.0,0.0,0.051948052,0.0,0.38961039,0.38961039,0.0,0.051948052,0.0,0.051948052,0.051948052,0.101593322,0.101593322,0.101593322,0.0,0.101593322,0.101593322,0.0,0.0,0.051948052,0.0,0.101593322,0.0,0.0,0.0,3.0,,3.0,3.0,,,,,,,,,,,Rukungiri,0.0,50.8,0.6,50.8,88.66666666666667,,,,20.0,,,,,69.5,75.0,2021,682.6839012913043
Kyabukama,65.0,0.022988506,0.0,0.0,0.045977011,0.0,0.373563218,0.373563218,0.045977011,0.045977011,0.0,0.045977011,0.045977011,0.115322713,0.115322713,0.115322713,0.0,0.115322713,0.115322713,0.0,0.0,0.045977011,0.0,0.114942529,0.0,0.045977011,0.0,3.0,2.0,,3.0,,,,,,,,,,,Mitooma,1597.9166666666667,51.25,0.8708333333333332,49.166666666666664,104.44444444444444,,3.375,,,59.0,,4.333333333333333,65.0,22.0,,2021,484.99662164499995
Kyandago,77.0,0.018518519,0.0,0.0,0.037037037,0.009259259,0.356481481,0.356481481,0.037037037,0.037037037,0.0,0.037037037,0.037037037,0.099575833,0.099575833,0.099575833,0.0,0.099575833,0.099575833,0.0,0.0,0.037037037,0.092592593,0.092592593,0.0,0.037037037,0.0,4.0,3.0,,4.0,,,,,,,,,,,Kanungu,1387.1818181818182,48.81818181818182,1.0954545454545455,31.454545454545453,218.33333333333334,,,,1300.0,,,3.0,,62.8,45.0,2021,794.4512338434782
Kyemengo,98.0,0.020408163,0.0,0.0,0.040816327,0.020408163,0.5,0.5,0.020408163,0.040816327,0.0,0.040816327,0.040816327,0.166865316,0.166865316,0.166865316,0.0,0.166865316,0.119189511,0.0,0.0,0.040816327,0.12244898,0.163265306,0.0,0.040816327,0.0,4.0,2.0,,4.0,,,,,,,,,,,Mitooma,1151.2,40.4,0.77,56.0,117.5,,,,,,,,,,,2021,536.4935370304347
Kyeshabo,118.0,0.016949153,0.0,0.0,0.033898305,0.016949153,0.5,0.5,0.016949153,0.033898305,0.0,0.033898305,0.033898305,0.120378332,0.120378332,0.120378332,0.0,0.120378332,0.120378332,0.0,0.0,0.033898305,0.0,0.118644068,0.0,0.033898305,0.0,4.0,3.0,,4.0,,,,,,,,,,,Mitooma,0.0,38.5,1.0083333333333335,68.33333333333333,59.166666666666664,,,,,67.5,,3.0,,38.0,122.5,2021,890.1225225166667
Mabindi,86.0,0.0,0.0,0.0,0.0,0.0,0.5,0.5,0.046511628,0.046511628,0.0,0.046511628,0.046511628,0.224719101,0.187265918,0.0,0.187265918,0.0,0.046511628,0.0,0.0,0.0,0.0,0.0,0.069767442,0.0,0.0,4.0,,4.0,4.0,,,,,,,,,,,Rukungiri,2002.7666666666667,44.083333333333336,1.28,46.666666666666664,94.11111111111111,,,46.5,,,,2.0,,129.0,5.5,2021,618.8778778925926
Mayanja,193.0,0.007518797,0.0,0.0,0.015037594,0.003759398,0.362781955,0.362781955,0.015037594,0.015037594,0.0,0.015037594,0.015037594,0.09018818,0.09018818,0.09018818,0.0,0.09018818,0.09018818,0.0,0.0,0.015037594,0.090225564,0.090225564,0.0,0.015037594,0.0,4.0,4.0,,4.0,,,,,,,,,,,Kanungu,1398.0,50.333333333333336,1.9458333333333335,42.583333333333336,295.55555555555554,,11.0,,1300.0,,,,,28.4,33.333333333333336,2021,759.2722722703703
Mirindi,140.0,0.010152284,0.0,0.0,0.020304569,0.0,0.355329949,0.355329949,0.060913706,0.243654822,0.0,0.081218274,0.081218274,0.115648478,0.115648478,0.115648478,0.0,0.115648478,0.115648478,0.0,0.0,0.020304569,0.0,0.115648478,0.0,0.0,0.231296956,4.0,4.0,,,,,4.0,,,,,,,,Rubanda,1905.7083333333333,45.833333333333336,1.0958333333333334,50.833333333333336,135.7,77.625,,150.0,,,,3.4166666666666665,,26.0,,2021,632.0681786160869
Mugina,63.0,0.031746032,0.0,0.0,0.063492063,0.0,0.0,0.0,0.063492063,0.063492063,0.063492063,0.063492063,0.063492063,0.18785356,0.18785356,0.18785356,0.0,0.18785356,0.0,0.0,0.0,0.031746032,0.0,0.0,0.0,0.0,0.0,4.0,,4.0,3.0,,,,,,,,,,,Rukungiri,1718.8500000000001,51.666666666666664,1.3958333333333333,22.916666666666668,213.75,,,20.0,,,,,,64.54545454545455,3.0,2021,603.4182754380953
Murandi,160.0,0.009478673,0.0,0.0,0.018957346,0.0,0.0,0.0,0.056872038,0.227488152,0.0,0.075829384,0.075829384,0.101376182,0.101376182,0.101376182,0.0,0.101376182,0.101376182,0.0,0.0,0.018957346,0.0,0.101376182,0.0,0.0,0.202752363,3.0,3.0,,,,,3.0,,,,,,,,Rubanda,1989.69,45.9,0.9800000000000001,42.5,90.71428571428571,,,110.0,,,,6.9,,12.5,,2021,641.8409909733333
Murubangye,115.0,0.011904762,0.0,0.0,0.023809524,0.0,0.0,0.0,0.071428571,0.285714286,0.0,0.095238095,0.095238095,0.091513878,0.091513878,0.091513878,0.0,0.091513878,0.091513878,0.0,0.0,0.023809524,0.0,0.091513878,0.0,0.0,0.183027757,3.0,3.0,,,,,3.0,,,,,,,,Rubanda,2147.75,54.1,1.02,58.5,145.1,9.0,,130.0,,,,58.92857142857143,,15.0,,2021,442.1652806769231
Murubaya,178.0,0.007692308,0.0,0.0,0.015384615,0.0,0.342307692,0.342307692,0.046153846,0.184615385,0.0,0.061538462,0.061538462,0.104322344,0.104322344,0.104322344,0.0,0.104322344,0.104322344,0.0,0.0,0.015384615,0.0,0.104322344,0.0,0.0,0.173870574,4.0,4.0,,,,,4.0,,,,,,,,Rubanda,2037.6272727272728,43.54545454545455,2.099090909090909,53.63636363636363,214.28571428571428,,,110.0,,,,24.9,,28.333333333333332,,2021,528.850506759375
Muruhinga,125.0,0.010869565,0.0,0.0,0.02173913,0.0,0.0,0.0,0.065217391,0.260869565,0.0,0.086956522,0.086956522,0.090821902,0.090821902,0.090821902,0.0,0.090821902,0.090821902,0.0,0.0,0.02173913,0.0,0.090821902,0.0,0.0,0.181643804,3.0,3.0,,,,,3.0,,,,,,,,Rubanda,1965.877777777778,50.111111111111114,0.5355,25.22222222222222,135.28571428571428,20.0,,,,,,68.66666666666667,,0.0,,2021,744.7039312636364
Mushebeya,89.0,0.015873016,0.0,0.0,0.031746032,0.0,0.0,0.0,0.095238095,0.380952381,0.0,0.126984127,0.126984127,0.094431712,0.094431712,0.094431712,0.0,0.094431712,0.094431712,0.0,0.0,0.031746032,0.0,0.094431712,0.0,0.0,0.188863424,3.0,3.0,,,,,3.0,,,,,,,,Rubanda,2035.8083333333334,50.083333333333336,0.25833333333333336,73.75,112.25,,,500.0,,,,48.916666666666664,,5.0,,2021,560.7189189095
Mushongati_Nangara,63.0,0.022988506,0.0,0.0,0.045977011,0.0,0.362068966,0.362068966,0.137931034,0.551724138,0.0,0.183908046,0.183908046,0.117841811,0.117841811,0.117841811,0.0,0.117841811,0.117841811,0.0,0.0,0.045977011,0.0,0.117841811,0.0,0.0,0.235683623,4.0,4.0,,,,,4.0,,,,,,,,Rubanda,2052.0333333333333,48.583333333333336,1.0201875,50.416666666666664,145.2,10.0,,650.0,,,,6.833333333333333,,,,2021,668.583465812353
Mushorero,241.0,0.00621118,0.0,0.0,0.01242236,0.00310559,0.374223602,0.374223602,0.01242236,0.01242236,0.0,0.01242236,0.01242236,0.093032592,0.093032592,0.093032592,0.0,0.093032592,0.093032592,0.0,0.0,0.01242236,0.093167702,0.093167702,0.0,0.01242236,0.0,4.0,4.0,,4.0,,,,,,,,,,,Kanungu,1661.5454545454545,41.54545454545455,1.513818181818182,91.81818181818181,446.6666666666667,,,,1300.0,,,3.0,,72.0,51.25,2021,880.7800300703703
Musirwe,73.0,0.018691589,0.0,0.0,0.037383178,0.0,0.0,0.0,0.112149533,0.448598131,0.0,0.14953271,0.14953271,0.091208956,0.091208956,0.091208956,0.0,0.091208956,0.091208956,0.0,0.0,0.037383178,0.0,0.091208956,0.0,0.0,0.182417912,3.0,3.0,,,,,3.0,,,,,,,,Rubanda,2077.109090909091,47.63636363636363,0.9972727272727273,58.63636363636363,171.625,13.0,,,,,,6.0,,30.0,0.0,2021,729.5381903434783
Muzinga,104.0,0.019230769,0.0,0.0,0.038461538,0.019230769,0.5,0.5,0.019230769,0.038461538,0.0,0.038461538,0.038461538,0.168954593,0.168954593,0.168954593,0.0,0.168954593,0.105596621,0.0,0.0,0.038461538,0.0,0.173076923,0.0,0.038461538,0.0,4.0,,3.0,3.0,,,,,,,,,,,Mitooma,1151.875,48.5,1.75,83.125,46.75,,2.6666666666666665,,,,,2.75,,68.75,90.0,2021,1009.4922037038461
Nangara,83.0,0.024096386,0.0,0.0,0.048192771,0.0,0.0,0.0,0.048192771,0.048192771,0.048192771,0.048192771,0.048192771,0.183326968,0.183326968,0.183326968,0.0,0.183326968,0.0,0.0,0.0,0.024096386,0.0,0.0,0.0,0.0,0.0,4.0,,4.0,3.0,,,,,,,,,,,Rukungiri,1864.7666666666667,53.583333333333336,1.0560416666666665,86.5,151.375,,0.0,,70.0,,,7.0,68.0,78.33333333333333,70.0,2021,687.0214987999999
Ndaragi,102.0,0.019607843,0.0,0.0,0.039215686,0.0,0.0,0.0,0.039215686,0.039215686,0.039215686,0.039215686,0.039215686,0.102465578,0.102465578,0.102465578,0.0,0.102465578,0.0,0.0,0.0,0.019607843,0.0,0.0,0.0,0.0,0.0,4.0,,4.0,3.0,,,,,,,,,,,Rukungiri,865.8916666666668,45.333333333333336,1.0416666666666667,45.833333333333336,81.33333333333333,,,80.0,50.0,,,1.1666666666666667,,75.0,201.75,2021,729.9603603766667
Ndeego,362.0,0.003656307,0.0,0.0,0.007312614,0.0,0.330895795,0.330895795,0.021937843,0.087751371,0.0,0.029250457,0.029250457,0.100844433,0.100844433,0.100844433,0.0,0.100844433,0.100844433,0.0,0.0,0.007312614,0.0,0.100844433,0.0,0.0,0.168074055,4.0,4.0,,,,,4.0,,,,,,,,Rubanda,1977.9923076923078,40.92307692307692,1.4384615384615385,18.46153846153846,106.0,5.5,,,,,,5.714285714285714,,0.0,,2021,479.440033809375
Numba,94.0,0.0,0.0,0.0,0.0,0.0,0.5,0.5,0.042553191,0.042553191,0.0,0.042553191,0.042553191,0.224719101,0.187265918,0.0,0.187265918,0.0,0.042553191,0.0,0.0,0.0,0.0,0.0,0.063829787,0.0,0.0,4.0,,4.0,4.0,,,,,,,,,,,Rukungiri,970.4363636363636,55.54545454545455,0.75,35.0,73.77777777777777,,,,55.0,,,1.375,,69.54545454545455,0.0,2021,840.5921375863636
Nyabisoni,93.0,10.005050505,0.0,0.0,0.26010101,0.0,0.0,0.0,0.01010101,0.01010101,0.0,0.026230042500000002,0.026230042500000002,0.091030997,0.091030997,0.091030997,0.0,0.091030997,0.0208555585,0.0,0.0,0.018165526,0.0208555585,0.0935672515,0.0,0.008064516,0.0,3.5,,3.5,3.0,,,,,,,,,,,Rukungiri,1291.335,48.55,0.8949999999999999,66.5,164.71428571428572,,,,215.0,,,1.8333333333333333,,119.16666666666667,97.1875,2021,737.8461759829788
Nyabiterekyere,68.0,0.0,0.0,0.0,0.0,0.0,0.5,0.5,0.058823529,0.058823529,0.0,0.058823529,0.058823529,0.224719101,0.187265918,0.0,0.187265918,0.0,0.058823529,0.0,0.0,0.0,0.0,0.0,0.088235294,0.0,0.0,4.0,,4.0,4.0,,,,,,,,,,,Rukungiri,0.0,47.36363636363637,1.0340909090909092,55.90909090909091,110.0,,3.5,75.0,39.8,,,8.85,,102.0,67.94444444444444,2021,678.0552291347826
Nyabubaare,89.0,0.02247191,0.0,0.0,0.04494382,0.02247191,0.5,0.5,0.02247191,0.04494382,0.0,0.04494382,0.04494382,0.166865316,0.166865316,0.166865316,0.0,0.166865316,0.119189511,0.0,0.0,0.04494382,0.112359551,0.157303371,0.0,0.04494382,0.0,4.0,2.0,,4.0,,,,,,,,,,,Mitooma,459.1666666666667,34.583333333333336,0.6208333333333333,78.33333333333333,61.1,,,100.0,,,,,20.0,187.5,48.333333333333336,2021,575.11486488625
Nyabubare,94.0,0.020833333,0.0,0.0,0.041666667,0.0,0.0,0.0,0.041666667,0.041666667,0.0,0.041666667,0.041666667,0.130431335,0.130431335,0.130431335,0.0,0.130431335,0.130431335,0.0,0.0,0.041666667,0.130431335,0.0,0.0,0.0,0.0,3.0,,3.0,3.0,,,,,,,,,,,Rukungiri,554.4250000000001,54.0,1.0199166666666668,47.083333333333336,87.83333333333333,,0.0,,210.0,,,4.25,,53.333333333333336,,2021,860.6496881615385
Nyabyogo,72.0,0.027777778,0.0,0.0,0.055555556,0.0,0.0,0.0,0.055555556,0.055555556,0.055555556,0.055555556,0.055555556,0.134486071,0.134486071,0.134486071,0.0,0.134486071,0.0,0.0,0.0,0.027777778,0.0,0.0,0.0,0.0,0.0,4.0,,4.0,3.0,,,,,,,,,,,Rukungiri,1640.3200000000002,51.6,0.882,33.6,66.14285714285714,,,,,,,4.0,,83.33333333333333,,2021,671.676216192
Nyakabale,79.0,0.018348624,0.0,0.0,0.036697248,0.0,0.362385321,0.362385321,0.0,0.036697248,0.0,0.036697248,0.036697248,0.094494217,0.094494217,0.094494217,0.0,0.094494217,0.094494217,0.0,0.0,0.036697248,0.0,0.094494217,0.0,0.0,0.0,3.0,,3.0,3.0,,,,,,,,,,,Rukungiri,1786.4769230769232,52.61538461538461,1.301923076923077,81.92307692307692,79.66666666666667,13.0,,,,,,6.25,,134.0,79.0,2021,696.4394829565217
Nyakagezi,95.0,0.021052632,0.0,0.0,0.042105263,0.010526316,0.25,0.25,0.042105263,0.042105263,0.0,0.042105263,0.042105263,0.172711572,0.172711572,0.172711572,0.0,0.172711572,0.0,0.0,0.0,0.0,0.0,0.231578947,0.0,0.042105263,0.0,4.0,3.0,,3.0,,,,,,,,,,,Kanungu,1368.3333333333333,58.0,1.0208333333333333,40.416666666666664,240.83333333333334,,,,1300.0,,,2.5,,46.666666666666664,81.66666666666667,2021,852.4171562304348
Nyakagongo,83.0,0.024096386,0.0,0.0,0.048192771,0.024096386,0.5,0.5,0.024096386,0.048192771,0.0,0.048192771,0.048192771,0.168954593,0.168954593,0.168954593,0.0,0.168954593,0.105596621,0.0,0.0,0.048192771,0.0,0.168674699,0.0,0.048192771,0.0,4.0,,3.0,3.0,,,,,,,,,,,Mitooma,639.8333333333334,46.25,1.1833333333333333,53.333333333333336,93.0909090909091,20.75,4.75,,,,,4.863636363636363,65.0,48.5,158.1818181818182,2021,980.1668625173912
Nyakarambi,120.0,0.016666667,0.0,0.0,0.033333333,0.008333333,0.25,0.25,0.033333333,0.033333333,0.0,0.033333333,0.033333333,0.185430464,0.185430464,0.185430464,0.0,0.185430464,0.0,0.0,0.0,0.0,0.0,0.183333333,0.0,0.033333333,0.0,5.0,4.0,,5.0,,,,,,,,,,,Kanungu,1340.375,55.25,1.3,36.875,315.0,,11.0,,1300.0,,,,,29.0,60.0,2021,762.3018018454545
Nyakashebeya,53.0,0.037735849,0.0,0.0,0.075471698,0.037735849,0.5,0.5,0.037735849,0.075471698,0.0,0.075471698,0.075471698,0.166865316,0.166865316,0.166865316,0.0,0.166865316,0.119189511,0.0,0.0,0.075471698,0.113207547,0.150943396,0.0,0.075471698,0.0,4.0,2.0,,4.0,,,,,,,,,,,Mitooma,1078.6666666666667,44.333333333333336,2.310208333333333,22.416666666666668,77.0,,,,,,,3.0,40.0,,150.0,2021,452.03642773478265
Nyakatoma,105.0,0.019047619,0.0,0.0,0.038095238,0.00952381,0.25,0.25,0.038095238,0.038095238,0.0,0.038095238,0.038095238,0.185430464,0.185430464,0.185430464,0.0,0.185430464,0.0,0.0,0.0,0.0,0.0,0.19047619,0.0,0.038095238,0.0,5.0,4.0,,5.0,,,,,,,,,,,Kanungu,1410.6666666666667,39.333333333333336,0.8441666666666666,54.583333333333336,415.0,,,120.0,1300.0,,,,,65.2,80.0,2021,724.6862934107143
Nyakibuga,102.0,0.019607843,0.0,0.0,0.039215686,0.009803922,0.25,0.25,0.039215686,0.039215686,0.0,0.039215686,0.039215686,0.172711572,0.172711572,0.172711572,0.0,0.172711572,0.0,0.0,0.0,0.0,0.0,0.235294118,0.0,0.039215686,0.0,4.0,3.0,,3.0,,,,,,,,,,,Kanungu,1438.875,54.0,1.3671875,27.5,337.5,,11.0,,1300.0,,,,,34.0,20.0,2021,689.0051975384615
Nyakisoroza,63.0,0.0,0.0,0.0,0.0,0.0,0.5,0.5,0.063492063,0.063492063,0.0,0.063492063,0.063492063,0.224719101,0.187265918,0.0,0.187265918,0.0,0.063492063,0.0,0.0,0.0,0.0,0.0,0.095238095,0.0,0.0,4.0,,4.0,4.0,,,,,,,,,,,Rukungiri,1458.9583333333333,43.666666666666664,0.8541666666666666,25.833333333333332,129.75,,,,7.0,,,2.0,65.0,49.0,44.0,2021,597.4662162291667
Nyamabare,126.0,0.015873016,0.0,0.0,0.031746032,0.0,0.0,0.0,0.031746032,0.031746032,0.031746032,0.031746032,0.031746032,0.10124575,0.10124575,0.10124575,0.0,0.10124575,0.0,0.0,0.0,0.015873016,0.0,0.0,0.0,0.0,0.0,4.0,,4.0,3.0,,,,,,,,,,,Rukungiri,1047.6888888888889,48.44444444444444,2.572222222222222,69.44444444444444,139.83333333333334,,,,91.0,,,11.0,,145.5,220.0,2021,747.3296332071429
Nyamicucu_Mugyera,152.0,0.009389671,0.0,0.0,0.018779343,0.0,0.0,0.0,0.056338028,0.225352113,0.0,0.075117371,0.075117371,0.095403078,0.095403078,0.095403078,0.0,0.095403078,0.095403078,0.0,0.0,0.018779343,0.0,0.095403078,0.0,0.0,0.190806156,3.0,3.0,,,,,3.0,,,,,,,,Rubanda,2333.0499999999997,59.666666666666664,0.8491666666666666,165.0,162.5,6.8,,,,,,36.285714285714285,,7.0,,2021,519.3569431331035
Nyamirama,77.0,0.018518519,0.0,0.0,0.037037037,0.0,0.356481481,0.356481481,0.0,0.037037037,0.0,0.037037037,0.037037037,0.092954754,0.092954754,0.092954754,0.0,0.092954754,0.092954754,0.0,0.0,0.037037037,0.0,0.092954754,0.0,0.0,0.0,3.0,,3.0,3.0,,,,,,,,,,,Rukungiri,1580.7545454545455,52.36363636363637,1.0227272727272727,21.818181818181817,79.71428571428571,,,,77.5,,,50.0,,73.0,76.375,2021,844.5847193461539
Nyamishamba,114.0,0.012658228,0.0,0.0,0.025316456,0.006329114,0.360759494,0.360759494,0.025316456,0.025316456,0.0,0.025316456,0.025316456,0.089685393,0.089685393,0.089685393,0.0,0.089685393,0.089685393,0.0,0.0,0.025316456,0.088607595,0.088607595,0.0,0.025316456,0.0,4.0,4.0,,4.0,,,,,,,,,,,Kanungu,1528.3333333333333,41.0,0.8922222222222224,38.888888888888886,428.5,,,28.0,1044.6,,,3.0,,63.333333333333336,67.0,2021,801.3121621066667
Nyamisheshe,82.0,0.01754386,0.0,0.0,0.035087719,0.0,0.359649123,0.359649123,0.035087719,0.035087719,0.0,0.035087719,0.035087719,0.111027293,0.111027293,0.111027293,0.0,0.111027293,0.111027293,0.0,0.0,0.035087719,0.0,0.105263158,0.0,0.035087719,0.0,3.0,2.0,,3.0,,,,,,,,,,,Mitooma,642.9,44.5,0.8400000000000001,43.0,134.375,,3.0,,30.0,,,6.75,,49.0,18.8,2021,621.5358401695652
Nyamizi,79.0,0.025316456,0.0,0.0,0.050632911,0.012658228,0.25,0.25,0.050632911,0.050632911,0.0,0.050632911,0.050632911,0.185430464,0.185430464,0.185430464,0.0,0.185430464,0.0,0.0,0.0,0.0,0.0,0.17721519,0.0,0.050632911,0.0,5.0,4.0,,5.0,,,,,,,,,,,Kanungu,1388.4545454545455,44.0,2.161363636363636,22.0,274.375,,11.0,,1300.0,,,,40.0,24.0,5.0,2021,822.7487129904761
Nyanga,160.0,0.0125,0.0,0.0,0.025,0.0125,0.5,0.5,0.0125,0.025,0.025,0.025,0.025,0.120378332,0.120378332,0.120378332,0.0,0.120378332,0.120378332,0.0,0.0,0.025,0.0,0.125,0.0,0.025,0.0,4.0,3.0,,4.0,,,,,,,,,,,Mitooma,581.25,50.166666666666664,0.6333333333333333,39.166666666666664,110.5,,3.0,,,,,10.0,95.0,19.875,1.7142857142857142,2021,627.6514445710345
Nyarubare,88.0,0.022727273,0.0,0.0,0.045454545,0.0,0.0,0.0,0.045454545,0.045454545,0.045454545,0.045454545,0.045454545,0.17815038,0.17815038,0.17815038,0.0,0.17815038,0.0,0.0,0.0,0.022727273,0.0,0.0,0.0,0.0,0.0,4.0,,4.0,3.0,,,,,,,,,,,Rukungiri,0.0,45.083333333333336,1.4270833333333333,38.166666666666664,150.5,60.0,5.0,,89.33333333333333,,,7.375,,174.0909090909091,186.0,2021,699.5840187695652
Nyaruhanga,98.0,0.008695652,0.0,0.0,0.017391304,0.0,0.0,0.0,0.017391304,0.017391304,0.0,0.017391304,0.017391304,0.056757539,0.056757539,0.056757539,0.0,0.056757539,0.056757539,0.0,0.0,0.017391304,0.056757539,0.0,0.0,0.0,0.0,3.0,,3.0,3.0,,,,,,,,,,,Rukungiri,1869.125,65.08333333333333,1.5829166666666667,32.333333333333336,149.5,,,,100.0,,,2.0,,79.25,106.0,2021,522.3349001086956
Nyaruharo,85.0,0.023529412,0.0,0.0,0.047058824,0.011764706,0.25,0.25,0.047058824,0.047058824,0.0,0.047058824,0.047058824,0.185430464,0.185430464,0.185430464,0.0,0.185430464,0.0,0.0,0.0,0.0,0.0,0.188235294,0.0,0.047058824,0.0,5.0,4.0,,5.0,,,,,,,,,,,Kanungu,1375.75,42.416666666666664,1.4166666666666667,66.66666666666667,325.0,,10.0,,1300.0,60.0,,7.5,,38.333333333333336,13.0,2021,749.8172458380952
Nyarurambi,72.0,0.020833333,0.0,0.0,0.041666667,0.0,0.375,0.375,0.0,0.041666667,0.0,0.041666667,0.041666667,0.097783572,0.097783572,0.097783572,0.0,0.097783572,0.097783572,0.0,0.0,0.041666667,0.0,0.097783572,0.0,0.0,0.0,3.0,,3.0,3.0,,,,,,,,,,,Rukungiri,1775.45,48.75,0.6875,29.166666666666668,146.66666666666666,,,,,,,,,41.875,50.0,2021,690.7062279782608
Nyaruzinga,74.0,0.02020202,0.0,0.0,0.04040404,0.0,0.373737374,0.373737374,0.04040404,0.04040404,0.0,0.04040404,0.04040404,0.115376477,0.115376477,0.115376477,0.0,0.115376477,0.115376477,0.0,0.0,0.04040404,0.0,0.121212121,0.0,0.04040404,0.0,3.0,2.0,,3.0,,,,,,,,,,,Mitooma,1684.1,54.0,1.9745000000000001,39.0,80.83333333333333,,,,,,,,55.0,41.7,60.0,2021,821.73243243
Omukatooma,92.0,0.02173913,0.0,0.0,0.043478261,0.0,0.0,0.0,0.043478261,0.043478261,0.043478261,0.043478261,0.043478261,0.120285678,0.120285678,0.120285678,0.0,0.120285678,0.0,0.0,0.0,0.02173913,0.0,0.0,0.0,0.0,0.0,4.0,,4.0,3.0,,,,,,,,,,,Rukungiri,1507.5666666666666,50.833333333333336,0.9249166666666667,36.083333333333336,210.88888888888889,,,176.66666666666666,400.0,,,7.0,,38.0,100.0,2021,805.6640926428571
Omurutezo,78.0,0.025641026,0.0,0.0,0.051282051,0.0,0.0,0.0,0.051282051,0.051282051,0.051282051,0.051282051,0.051282051,0.248281977,0.248281977,0.248281977,0.0,0.248281977,0.0,0.0,0.0,0.025641026,0.0,0.0,0.0,0.0,0.0,4.0,,4.0,3.0,,,,,,,,,,,Rukungiri,1845.3583333333333,47.166666666666664,1.8316666666666668,62.5,159.22222222222223,,3.0,,97.25,,,9.5,,91.25,100.0,2021,907.8918919350001
Omurwambu,88.0,0.022727273,0.0,0.0,0.045454545,0.011363636,0.25,0.25,0.045454545,0.045454545,0.0,0.045454545,0.045454545,0.185430464,0.185430464,0.185430464,0.0,0.185430464,0.0,0.0,0.0,0.0,0.0,0.181818182,0.0,0.045454545,0.0,5.0,4.0,,5.0,,,,,,,,,,,Kanungu,1378.0,51.6,0.78125,16.0,431.6666666666667,,10.5,,1300.0,60.0,,7.5,,67.5,10.0,2021,709.7002456727273
Orujeebe,81.0,0.018348624,0.0,0.0,0.036697248,0.0,0.371559633,0.371559633,0.036697248,0.036697248,0.0,0.036697248,0.036697248,0.114704187,0.114704187,0.114704187,0.0,0.114704187,0.114704187,0.0,0.0,0.036697248,0.0,0.110091743,0.0,0.036697248,0.0,3.0,2.0,,3.0,,,,,,,,,,,Mitooma,818.6666666666666,50.166666666666664,0.8450000000000001,45.0,80.0,,,,,,,,,0.0,0.0,2021,686.1454311476191
Rubaya,95.0,0.021052632,0.0,0.0,0.042105263,0.021052632,0.5,0.5,0.021052632,0.042105263,0.0,0.042105263,0.042105263,0.168954593,0.168954593,0.168954593,0.0,0.168954593,0.105596621,0.0,0.0,0.042105263,0.0,0.168421053,0.0,0.042105263,0.0,4.0,,3.0,3.0,,,,,,,,,,,Mitooma,606.2727272727273,37.27272727272727,0.8863636363636364,39.09090909090909,68.75,,3.5,,,,,3.0,82.5,0.0,4.8,2021,646.0562336612903
Rugasha,104.0,0.01754386,0.0,0.0,0.035087719,0.0,0.0,0.0,0.035087719,0.035087719,0.0,0.035087719,0.035087719,0.121521692,0.121521692,0.121521692,0.0,0.121521692,0.121521692,0.0,0.0,0.035087719,0.121521692,0.0,0.0,0.0,0.0,3.0,,3.0,3.0,,,,,,,,,,,Rukungiri,0.0,53.75,0.5208333333333334,45.833333333333336,86.25,4.0,,,110.0,,,,130.0,52.0,33.833333333333336,2021,628.7218468541666
Rugoma,55.0,0.0,0.0,0.0,0.0,0.0,0.5,0.5,0.072727273,0.072727273,0.0,0.072727273,0.072727273,0.224719101,0.187265918,0.0,0.187265918,0.0,0.072727273,0.0,0.0,0.0,0.0,0.0,0.109090909,0.0,0.0,4.0,,4.0,4.0,,,,,,,,,,,Rukungiri,1839.2833333333335,47.666666666666664,0.5625,24.333333333333332,113.25,,,,82.5,,,7.5,,76.66666666666667,1.0,2021,564.5298719736842
Runyinya,155.0,0.009009009,0.0,0.0,0.018018018,0.0,0.349099099,0.349099099,0.0,0.018018018,0.0,0.018018018,0.018018018,0.091029752,0.091029752,0.091029752,0.0,0.091029752,0.091029752,0.0,0.0,0.018018018,0.0,0.091029752,0.0,0.0,0.0,3.0,,3.0,3.0,,,,,,,,,,,Rukungiri,1632.7916666666667,46.166666666666664,1.4333125000000002,23.583333333333332,130.77777777777777,13.0,,,125.0,,,,,92.63636363636364,,2021,617.7665424103448
Rurama,111.0,0.018018018,0.0,0.0,0.036036036,0.009009009,0.5,0.5,0.036036036,0.036036036,0.036036036,0.036036036,0.036036036,0.185430464,0.185430464,0.185430464,0.0,0.185430464,0.0,0.0,0.0,0.0,0.0,0.18018018,0.0,0.036036036,0.0,5.0,4.0,,5.0,,,,,,,,,,,Kanungu,1525.6666666666667,43.166666666666664,0.6873333333333335,47.916666666666664,287.0,,10.0,,874.3333333333334,60.0,,7.5,,50.0,51.5,2021,766.4990991233334
Rurindo,83.0,20.0,0.0,0.0,0.5,0.0,0.0,0.0,0.0,0.0,0.0,0.048192771,0.048192771,0.140350877,0.140350877,0.140350877,0.0,0.140350877,0.0,0.0,0.0,0.024096386,0.0,0.187134503,0.0,0.024096386,0.0,4.0,,4.0,3.0,,,,,,,,,,,Rukungiri,134.54999999999998,47.916666666666664,0.5695,52.083333333333336,212.25,6.0,10.0,,90.0,,135.0,10.5,,,,2021,583.3203828874999
Rushaki,83.0,0.016949153,0.0,0.0,0.033898305,0.0,0.351694915,0.351694915,0.101694915,0.406779661,0.0,0.13559322,0.13559322,0.114465391,0.114465391,0.114465391,0.0,0.114465391,0.114465391,0.0,0.0,0.033898305,0.0,0.114465391,0.0,0.0,0.228930783,4.0,4.0,,,,,4.0,,,,,,,,Rubanda,1947.090909090909,47.72727272727273,1.3904545454545454,42.27272727272727,222.875,5.0,,,,,,8.333333333333334,,,,2021,556.8665540541666
Rushebeya,93.0,0.021505376,0.0,0.0,0.043010753,0.0,0.0,0.0,0.043010753,0.043010753,0.043010753,0.043010753,0.043010753,0.145435014,0.145435014,0.145435014,0.0,0.145435014,0.0,0.0,0.0,0.021505376,0.0,0.0,0.0,0.0,0.0,4.0,,4.0,3.0,,,,,,,,,,,Rukungiri,0.0,51.916666666666664,1.0583333333333333,40.833333333333336,94.81818181818181,,2.25,,56.25,,,8.0,,124.66666666666667,89.4,2021,720.8464373272727
Rushoroza,89.0,0.02247191,0.0,0.0,0.04494382,0.02247191,0.5,0.5,0.02247191,0.04494382,0.0,0.04494382,0.04494382,0.168954593,0.168954593,0.168954593,0.0,0.168954593,0.105596621,0.0,0.0,0.04494382,0.0,0.179775281,0.0,0.04494382,0.0,4.0,,3.0,3.0,,,,,,,,,,,Mitooma,1165.2727272727273,47.81818181818182,1.1311136363636365,32.300000000000004,81.33333333333333,,,,,120.0,,5.0,105.0,,1800.0,2021,520.5756756650001
Rutonde,89.0,0.02247191,0.0,0.0,0.04494382,0.011235955,0.25,0.25,0.04494382,0.04494382,0.0,0.04494382,0.04494382,0.172711572,0.172711572,0.172711572,0.0,0.172711572,0.0,0.0,0.0,0.0,0.0,0.247191011,0.0,0.04494382,0.0,4.0,3.0,,3.0,,,,,,,,,,,Kanungu,1462.4166666666667,46.5,1.1041666666666667,34.833333333333336,315.0,,11.0,,874.3333333333334,,,,,47.2,135.33333333333334,2021,715.385749390909
Rutoobo,63.0,0.031746032,0.0,0.0,0.063492063,0.031746032,0.5,0.5,0.031746032,0.063492063,0.0,0.063492063,0.063492063,0.120378332,0.120378332,0.120378332,0.0,0.120378332,0.120378332,0.0,0.0,0.063492063,0.0,0.126984127,0.0,0.063492063,0.0,4.0,3.0,,4.0,,,,,,,,,,,Mitooma,1141.0,45.18181818181818,1.0936363636363635,64.9090909090909,84.0,,,,,,,3.0,,,75.0,2021,503.8889542039131
Rutooma,142.0,0.013157895,0.0,0.0,0.026315789,0.0,0.0,0.0,0.026315789,0.026315789,0.0,0.026315789,0.026315789,0.124442886,0.124442886,0.124442886,0.0,0.124442886,0.124442886,0.0,0.0,0.026315789,0.124442886,0.0,0.0,0.0,0.0,3.0,,3.0,3.0,,,,,,,,,,,Rukungiri,921.4833333333332,52.75,0.7291666666666666,59.166666666666664,90.42857142857143,,,22.0,60.0,,,13.0,,91.25,1.875,2021,661.03783783
Ruzonga,54.0,0.037037037,0.0,0.0,0.074074074,0.037037037,0.5,0.5,0.037037037,0.074074074,0.0,0.074074074,0.074074074,0.168954593,0.168954593,0.168954593,0.0,0.168954593,0.105596621,0.0,0.0,0.074074074,0.0,0.185185185,0.0,0.074074074,0.0,4.0,,3.0,3.0,,,,,,,,,,,Mitooma,1127.5,46.5,1.4749999999999999,50.166666666666664,74.0,,5.0,,,,,,,25.0,70.0,2021,417.48108109
Rwabutera,110.0,0.01242236,0.0,0.0,0.02484472,0.00621118,0.341614907,0.341614907,0.02484472,0.02484472,0.0,0.02484472,0.02484472,0.095423158,0.095423158,0.095423158,0.0,0.095423158,0.095423158,0.0,0.0,0.02484472,0.099378882,0.099378882,0.0,0.02484472,0.0,4.0,3.0,,4.0,,,,,,,,,,,Kanungu,1299.6363636363637,48.18181818181818,1.6054545454545455,42.72727272727273,400.7142857142857,,10.0,,1300.0,,,,11.0,26.666666666666668,5.0,2021,750.8240304869565
Rwakutaka,53.0,0.027777778,0.0,0.0,0.055555556,0.0,0.368055556,0.368055556,0.055555556,0.055555556,0.055555556,0.055555556,0.055555556,0.113622443,0.113622443,0.113622443,0.0,0.113622443,0.113622443,0.0,0.0,0.055555556,0.0,0.111111111,0.0,0.055555556,0.0,3.0,2.0,,3.0,,,,,,,,,,,Mitooma,1581.4,43.9,1.54,34.0,90.0,,3.5,,,150.0,,6.45,,75.55555555555556,172.0,2021,826.9111969142857
Rwanama,72.0,0.013513514,0.0,0.0,0.027027027,0.0,0.0,0.0,0.027027027,0.027027027,0.0,0.027027027,0.027027027,0.064803148,0.064803148,0.064803148,0.0,0.064803148,0.064803148,0.0,0.0,0.027027027,0.064803148,0.0,0.0,0.0,0.0,3.0,,3.0,3.0,,,,,,,,,,,Rukungiri,1088.28,44.8,0.5788,43.5,85876.0,,5.0,,,,,8.0,,110.0,70.0,2021,714.2467684869565
Rwangeru,112.0,0.0,0.0,0.0,0.0,0.0,0.5,0.5,0.035714286,0.035714286,0.0,0.035714286,0.035714286,0.224719101,0.187265918,0.0,0.187265918,0.0,0.035714286,0.0,0.0,0.0,0.0,0.0,0.053571429,0.0,0.0,4.0,,4.0,4.0,,,,,,,,,,,Rukungiri,455.60833333333335,41.583333333333336,0.9441666666666667,40.0,103.375,,3.0,,90.0,,,9.5,,42.5,0.0,2021,756.7331081142856
Rwaseyeza,213.0,0.006269592,0.0,0.0,0.012539185,0.0,0.0,0.0,0.037617555,0.150470219,0.0,0.05015674,0.05015674,0.089266256,0.089266256,0.089266256,0.0,0.089266256,0.089266256,0.0,0.0,0.012539185,0.0,0.089266256,0.0,0.0,0.178532513,3.0,3.0,,,,,3.0,,,,,,,,Rubanda,2156.67,52.8,1.133,128.5,145.83333333333334,7.0,,,,,,8.714285714285714,,,,2021,549.3402225358824
Rwemirama,81.0,0.018018018,0.0,0.0,0.036036036,0.0,0.364864865,0.364864865,0.036036036,0.036036036,0.0,0.036036036,0.036036036,0.112637445,0.112637445,0.112637445,0.0,0.112637445,0.112637445,0.0,0.0,0.036036036,0.0,0.108108108,0.0,0.036036036,0.0,3.0,2.0,,3.0,,,,,,,,,,,Mitooma,0.0,38.54545454545455,0.5836363636363636,55.45454545454545,97.4,,,,,80.0,,,,49.42857142857143,120.0,2021,648.0450450919047
Rwendahi,58.0,0.034482759,0.0,0.0,0.068965517,0.017241379,0.25,0.25,0.068965517,0.068965517,0.0,0.068965517,0.068965517,0.172711572,0.172711572,0.172711572,0.0,0.172711572,0.0,0.0,0.0,0.0,0.0,0.24137931,0.0,0.068965517,0.0,4.0,3.0,,3.0,,,,,,,,,,,Kanungu,1193.3333333333333,47.916666666666664,0.865625,19.833333333333332,317.5,,11.0,,661.5,,,3.0,,52.0,107.83333333333333,2021,855.2475430181818
Rwenkyende,108.0,0.018518519,0.0,0.0,0.037037037,0.009259259,0.25,0.25,0.037037037,0.037037037,0.0,0.037037037,0.037037037,0.185430464,0.185430464,0.185430464,0.0,0.185430464,0.0,0.0,0.0,0.0,0.0,0.185185185,0.0,0.037037037,0.0,5.0,4.0,,5.0,,,,,,,,,,,Kanungu,1399.1818181818182,47.18181818181818,1.1943181818181818,24.363636363636363,493.0,,,,1300.0,130.0,,,,37.5,5.0,2021,897.5998256096775
Rwere,113.0,20.0,0.0,0.0,0.5,0.0,0.0,0.0,0.0,0.0,0.0,0.03539823,0.03539823,0.140350877,0.140350877,0.140350877,0.0,0.140350877,0.0,0.0,0.0,0.017699115,0.0,0.187134503,0.0,0.017699115,0.0,4.0,,4.0,3.0,,,,,,,,,,,Rukungiri,1650.9454545454546,49.81818181818182,0.8409090909090909,42.72727272727273,169.16666666666666,,,,125.0,,,,,43.27272727272727,,2021,763.5569431206897
Rwoburunga,137.0,0.01459854,0.0,0.0,0.02919708,0.01459854,0.5,0.5,0.01459854,0.02919708,0.0,0.02919708,0.02919708,0.166865316,0.166865316,0.166865316,0.0,0.166865316,0.119189511,0.0,0.0,0.02919708,0.116788321,0.160583942,0.0,0.02919708,0.0,4.0,2.0,,4.0,,,,,,,,,,,Mitooma,1204.6666666666667,44.583333333333336,1.6875,40.0,65.0,,5.0,,,,,3.3333333333333335,105.0,33.0,42.0,2021,553.1146601333332
Rwongora,74.0,0.02,0.0,0.0,0.04,0.0,0.37,0.37,0.04,0.04,0.0,0.04,0.04,0.114222712,0.114222712,0.114222712,0.0,0.114222712,0.114222712,0.0,0.0,0.04,0.0,0.12,0.0,0.04,0.0,3.0,2.0,,3.0,,,,,,,,,,,Mitooma,1597.888888888889,51.22222222222222,1.0444444444444445,79.44444444444444,121.42857142857143,20.0,2.0,,,,,5.0,62.0,77.14285714285714,43.333333333333336,2021,888.2191538608696
Rwonyo,99.0,0.0,0.0,0.0,0.0,0.0,0.5,0.5,0.04040404,0.04040404,0.0,0.04040404,0.04040404,0.224719101,0.187265918,0.0,0.187265918,0.0,0.04040404,0.0,0.0,0.0,0.0,0.0,0.060606061,0.0,0.0,4.0,,4.0,4.0,,,,,,,,,,,Rukungiri,1659.2083333333333,46.666666666666664,1.1875,25.0,81.25,,,,,,,,,37.5,,2021,671.9834350290323
